"bearer","total_share"
"7ef5162960f7e6165f3e8c66799d15ddd2eb39880330dba71d4bc0fef699a362","8819"
"a0016cf97de52d9e77b0ee8e27372c3662eec625b03a36e19c9cba154bb3ae9b","5640"
"a00eecb7fc72904ccb4c527b7c99ae4d1d0a69f575672e157e3020f412b86af2","3061"
"a004eb5698aaf2c49ad29918c3faf1a9c43a1dd5ac7ca90962521bae9b03ea75","2905"
"a009c85ddbe1c766b7dd2ab73a4ca4152234040821ccf07fe44c05774675fa3f","1804"
"a0031372b950dda6662090dac75afdd034e5dd3214f829606dde36d3ff27adf3","1745"
"a000691bbf8ee60a680835665b6115b765faa49718477979f51a0f7040cbb2e7","1314"
"a009b95f6be64b37885cbfa815ac94a59e49e1d69b0f54c44bf8d62523d750e5","1167"
"a00210ac4f8ca785e37ffe82eb8de7e681393de644283dc4f23abe8e61749052","801"
"a0068eeda200ca590c52803f4af081e8e452ba856e816469bfafa416574f1296","784"
"a00cc8b7ff8d15af0a07e5a9cdb56477899d9f05163fa14a586603d9bbdeaa83","722"
"a00631b98858819ce1f0c20bfcc43b1774703ce7e0494c75cabd0161bcaa0a8b","654"
"a004d8f0ff8deab9c75b1e07f155a864e1e5dd14dec5381cf974a37d00aac06a","646"
"a00f5e50042404bb8d5dba6d7c4e6ee6bc01b63431b01cd54149ac15a95b3976","595"
"a0061a1e8f042f1cbe1e25bb7093fcfb6f3e1dbe3b2e3bba6d79a1bbfb52214d","577"
"a00098f658afb2ce8125f60eec05d26948ed70b6b64749fa1de3999d45fa47a5","417"
"c680df5bf386a6244478823794c2027d914bb61a8a372decf8ea7e156c2cb4b1","409"
"a0015230b6fba248112f196987887e2cd8a302f5d6e947aaf87d28be8388012e","366"
"a00b83e2edb4408729e574bd9965e7e03b919b18fc45d0710485d0d162c26bc9","359"
"a00194c28a9dc0882709223e88cc1216a81a28bb6524558f563cc877446eb8b1","277"
"a00a13dc64aa2afb2e33d20dc6b17405cecee06bcf439225077edb413b3da768","272"
"a0099288678d582021e0e333e28ac03714f86fcba2008b3fa863d4d4ba0b4ec5","249"
"a0007c61d7c31da67cc93a800955e7104156f29c6fcd8855e9bea6f3d4acce72","231"
"a00113044ae8be9403d4a8cddadb09323fd67ad5ccd178eafb8e3a65afeae0da","229"
"a0004455be13619abc538ab498834e2185a5f991d9e3ac210c4880263d9d0173","224"
"a002a267bbea235a8138be314cb5ed45250005164126837bf8ad07fe828d2ae2","223"
"a00c1be665525cb4215044c8bec3821cc2dfd42d0c62b9c9735b93e8d46f8c0b","219"
"a007f6054574df139ff5fa934e2a0f95cc0e406f4544c4f61d94b3f014c32373","209"
"a002062a2c2b8590e614d729030437b31ec5b46bef5e257446b65153aeb22eeb","209"
"a003755f45a32c2943b1c0aa3fa0016317c1c5d5a23957f487189ab0341fc624","206"
"a00dcee3d64e4daaa34ebfa7b95fba5f095e234d32a4770958e3f8e8818cafe1","202"
"a005450990fa998787613c889ffecc7d855b858633381bf83f8dbf56c398e63e","197"
"a0060c12db8b42e088659bba40391b89b1bdce7b35f2c8b4c4af245c8e3fc064","195"
"a00e6187e4dfd845485e0a0ba9f5e6b7fd55dd95161bbc4c7cfc23164cd7b211","192"
"a00be644bdc14a1949dbcfadac877cbf79399af8dfd091b02aa19111230d2302","187"
"a00b20c4fc3c9c47c38c530aedac99452f4ecf3686a9d1f8e854b7879f8c0fbc","182"
"a0010dff7fbe4dd7457c82736fc47048c5e5c688520f15451209e772a451e148","171"
"a00250086adc2f1b998660dc644a79cde0b30d61848d3f17dd2db7c8d2692f28","164"
"a00fd30571f69797fa0453a4ea5dfa8dd25b9e7b1c0829e1aa0f6294efde5e3c","161"
"a008c75623b2234a76572ff1e9018a1bbd39e8d13e7fd67f2370b443188b2759","160"
"a005086ad0f82da8ed4d604ce62ce8bad21e9c50640ad1740684743f0ed648d3","160"
"a00e4c5333860b838ec2745fbe629fa4bcd456684c8cd885ed8d4dda9ef9e0ee","157"
"a0083b9f4d9bec84547d687fa84dae7499288b30628dfecdc67945ccf27d7780","154"
"a00c6cd39d91d01ceba8777e5264f021ad370aa33492e12b1441f93b517a349d","150"
"a00884ae42dceb2f9e912ddb4709fd6a0e2c954cd8f3763f449875bd0a8fbf55","148"
"a0003524be9e05bfae9eb8a934ad961e0784747dff010d729f545480688b0d3d","145"
"a0018c89b05ca09eaca2794044a711302c7b7b1ddc794eea79e6f2b2b8bd66b8","144"
"a00dc0510c0fe3b8c3eb56f63708c810afd42dd0450194197010ce5cc37b9897","144"
"a009c170ad9ee09aee721f471cb0a7f39703692e37bb51cde83d78a8c91ab990","137"
"a00fb239005850f15dddece53665bb625fbe5b956a964a96e0a0b7e2a8e331b5","135"
"a00f914d45276b145165f650380e75158ceb6db96cd40a040756b8206a77f3a0","134"
"a004757100600ee4a66b11a5a51222159b50dcd485cf1d3139a9bfdb1ffd78b4","126"
"a00831e95a0e58a13a7d313b8300061695e1931a2c790c2bf0073c0468b6c656","126"
"a0017a91f37809de09b32ea2d5dd40fbcd10770c9794fde6fd247d5d8ec4465f","126"
"a00506f071a38dcbacb48474e0c204acb4cdbc33482ab180379605263264df18","125"
"a00edfb1c8af165d435ce4d3c77dcfded7113d9a0726a37a5225d3fb854bd319","122"
"a000810bbff15d60880ac3c2c97f8fee2e489d6e7eaa22ea638ec18a468ca0fd","120"
"a008333ab8a5fe75665d8024389771472427348bad8483d11e62dd046f60ec51","115"
"a00fa6804552dc139282f31397566445d52493c7fc5737dfe19c648f171fdd19","115"
"a005fe8fbc1edcbea751501cedf63c4b380d0035a8fd76f2bde06ce41b89bc1d","111"
"a00aa75f0360c387ba951d8d8ae6385e4bd91a00131661ec055ead2315c84574","110"
"a0091f8769aac70245460e12838ca70345133fc1c2fa0346672ed7bc32b92e95","108"
"a00f792bd5c304b6ddeb7bdae926f12c51e1ea9a3c5f18449d7d525c0a5ee367","103"
"a000fffca0fa6e825c9f58db718b501a96887d7ea4b1ca08fec47da53ab8be14","102"
"a0033b47320f9d8ad0e259e1e5a3ce94777c991b3b4d2bce5beec71cf7f8cde5","101"
"a00d7463e483b231a490e331240ba4948673f6ff2d7f73ccd58eff2105e45e57","100"
"a00b433223e2d35bf2f11f308db5d2269aa23208a478df52cf7d5608a8db832f","100"
"a003ed6576ef4076c40c7982ba98421476afb347e4e02238b0d1a8f5d1822504","100"
"a006698c6bdeedc9fbfc989f191e05883b29a4cb60a4460df20100fe4b959edb","100"
"a00ae0dc03ec0fc0e2a357a132115661f60a6c496a12c1f25cc12e5f0dc8fcc7","99"
"a0006793a40e1ca1eeb7c18c41e58ea46dce44dc19990a5229964d5a2a81ad6f","99"
"a006d3f3b09e7e29c2d6d30fd8206f4b4fa4fd03a387643730a346488feef0b6","97"
"a003749ba4067052503db8d876df14dacd5f97b8b8cc3bacfb2b470210aec356","97"
"a00a51068797effd687cafdcf50947f46b226a6aab61895b386e1a49a5bbb557","94"
"a003a7e82786ba3beaf37ab65909ee4255147bed96ca4a776bf20a3f6b06434c","94"
"a004a156a7418119913b14777df2d894e413cb6d42336ccb59c4b3498ef30eff","92"
"a005f49806d4a6e60a604980b7703b0e32998e6323a8a22b087e61a45721998e","91"
"a00a575e714e94ad0d187c3a95038eb13a80fb1c80d047aa437f36683f7e6157","91"
"a00317fff7b91ffbf01a7fffc76be4be58d6917ebf1cb004e66eb0bf0ad046c2","90"
"a0000f0e3602f7708788c0ce5d8e373e88e065182f82c13b6c849cfe635e10b7","88"
"a002e06a305feb590793a389c374a372f3719c3400d4a59faf9f0992b65c604b","88"
"a00086b8993a682d052121ea9dcd553d715cb480eece8cca40f3855a3d0b1a5c","88"
"a00e126100e3ff961057a562f5f0e40614b15779a64a559d69c3c4a6c295283b","88"
"a001efc417ce13e6a9b1b90c7d08ad8699a3f1a6398c6a389538bfdc2f485d17","81"
"a007471c015f121899b157b144aadf5b0ad736a8759e2dbe7cb34e95e5b78101","81"
"a0075b5b1280f1f5dae046341012a7486ffac647a98876d6d5bf4c1c47185957","80"
"a00ae8a9b8bb952aacdeab3bc1485913a1f724995508ce225ba2522f6eefb8b1","79"
"a007543d82bd34434eaf07a277d0581cbc15f52bfbe619fc751b86de61c8cf91","78"
"a00af7b545729cec491857e6b90929e36eeac1dd5d46f3b3f1be2b2e91702c4e","78"
"a008b9697c08a8e5516d6c5071212c166c714972ab1c8f9e6a8fe420339ef147","76"
"a00018ec10dc4291c0dbd953c7140849ec9ee09217d9949eb2413e3ca629354d","75"
"a00e66ceb04743d8756fdddfc6cb8b452a5bcc8a144a7d4f3f35f1dfccfdd110","72"
"a0059b9563abc7408dabc91a5c9a6ae4cdfca253826aeaee74e13c1452b8103e","72"
"a00b0654fc9b771aaa56724d79711275abef12d9fb3c3fc7eef98edf1b15373e","72"
"a00567bf6ce22dec0a57b9ad420cdc29e54614b941f11b0bb1d49be72604dc42","71"
"a00b9e713a2e51cdcbb1fb16a7eec4cdd10797556a1c20a57aa3708e26443a12","70"
"a00e0cdfcda85eebe142cb92a1de516430a7543e14a7f0e1a221fe294235ecc0","70"
"a0040ae73ad5fd5e2e817c16210433815fa96bf9aaf331d265b5d22e95a6b9b3","68"
"a004b85a9460d71100107381ca7c4a94d0c3d944e08b6b5c12c54b22106a893c","67"
"a004471b77efed7f98a43798da9edb887a24fd6f2adcbdb80e9aad8600f86e0d","66"
"a009b7da57e9450f21ac58211cc187dd461866b4f345f6333477804906675de5","64"
"a00820d7a6aefe0f891fc1191c92a3ffb4983bc334e143c4ee2bc35a47e16107","63"
"a00b1892bb5e3196e7b51e0e23581fa4be1185adfa0eab813a8b4079b28eb3f6","62"
"a0054411a624afb544d90c78b58c97307f5afeb03748e7cd6b6769e3bd2a790d","62"
"a00173d762379c968fa5d19e3bc6c67611db8a400e9803175f86fcf67fc44d4a","57"
"a00b1af7bc71fa58952eaa64f5cafc4ece89089b8acf4385ea389faa84c0b156","56"
"a0077695090a7ad459a572447fc7e8878b2d340fc2e01688b6b6c3904075537a","56"
"a00afd0841508a6a1be7fe31227fbd65cd2cf3bf05b605e2521ff02236802a09","56"
"a0010c1137b180337e16d1362d77ce1a4c4085d049aa5542993ece764f3a4093","55"
"a005d2ba7af2e507e93382eea43ec81f40c3838c0dddbbd2a32ee7ee6bb43781","55"
"a00a097f2cdb6b768a8e728b777b50a59de34a6ab29384c5378151ec25eaabc9","54"
"a009da06b17c9545f0792f4a083596d41eb167c01d5a804a78a685c8e3993452","54"
"a0037b50c32bcd18a79893059c622b9ed7622a9c49721af93c93269d01a9fb1f","54"
"a00e7b46fa3ce360118309ebe7e89a2b0a54709920e0aebb82da4ca1e930d62a","54"
"a005fbeef643d3e9b28bceb2dc3defa19892fdf8cdb6961dfed2952948d2269c","54"
"a0005a566c3020798bea630f2f802cded37d1f46d69b3ea75a5ba2a310f325d0","52"
"a0046146a136afd908d3c1434cc0608e24e97feaf71ce1c194550a7541d94cfe","52"
"a00be2a0bf02bd68c62ef807178c43befc75017c8e5980b779161dce3a45c7f0","49"
"a004e3f7644798fe91e74ea652847654df635f1d74c5691795e900a7d3865c65","49"
"a0064f1e8c941a75705939b02142a384eb3bb9d82148b9f9d9889a04e273892b","49"
"a00300ffcd760240c56fe9d44b1750f4f8290cd963d1792196cb8b92a8c2048c","47"
"a0044e1102701e1519bfb6e45d1349ba93347322ff2f22ea6d068ca80cc2ffc8","46"
"a0059dc39a8a6f9facc2c7f40a304da69381870c5d871562d529b9338771b595","45"
"a0079352db2a10714eeead6b4d9a696e056bef6fd2dd445012380a78316dda2c","45"
"a007f9f263f30dfc703a351433c9021e4f3fd581c327504472a8af02dbb91638","43"
"a00c880e4b7b6bda56d2a8bc27d69159f2b2c76df12e95cd6df3a4dc11c6b30a","43"
"a00ea32b2352c0a47c3eba11892aac31bc9634d503d540ec33da18062fece19e","43"
"a005ed2b561fd1f6ffcdc66feca7234cd3ef0bc82770c04bfb5882d40450a1c0","43"
"a008b9ddc7ca4c8943ae001c25404ddc61140c0b170191724365a99ff21c92ff","42"
"a00ecc49dce7a33f0bbb638d8fc987e7995cef53569c0006b4d4975e58e21ce4","42"
"a00c37fc0cdb96585c5ef2f2f52128ea72d134faac0fce3af365346187b1dabb","41"
"a00194cc04845982e38586e4c4a6251a6804c05e01ff405ce8e95328c5419179","41"
"a00b4b1191394c163b65a4ff8e2269b14c825b03818999b3487be7623ba2c86c","41"
"a00baf999df9698a0d51453ae7f2bf010ce5706b8d4241605476b76bfc6cd5e1","40"
"a00c9b11b875a377848b059352557e2dc8e517004aedfd85e406494153ecca04","40"
"a00d91249ceb8c459cfd963f8795f87731064fd2c50939e604b5d74fd3b7e860","38"
"a007b6bd9b3ef06cdb5b7324720805afa06d1351473d0dab7f20d1e9eebdcfc9","38"
"a00c31ecb976ff79bda1ce5861c5ac0fd649b7e83757b998e51778e7b5e850fb","38"
"a003d1639797c1a34109f029c548af7eaa418adcc275211832c5659f094df404","37"
"a0064da25057e89f6e12e218e2ad1c69dc4e0aba73f1eead08766217b373f00e","37"
"a00b0d2150bc9e3797f82ce420a77f9758495b16dd72efb544478b2f214be076","37"
"a00ce5e12672f3e7249959b3475e272abf38a7f2d8b9f9114eab02b6aef07622","37"
"a0055b2db6b8d2cb9d473c52d4142cdae48cff3675fb8fde8037ea2069370d29","37"
"a0066b751654985f51be6622671dc833f08d9c1fbca77570547ea599cd1907d5","37"
"a0070828f837e3b01666280c2af8d2c1c1f253ed232a1d58795d6e4db538a4f9","37"
"a007e39cfda90394ea49211d6dade4293101f1d7cc75d9643b35a97ac09aef43","37"
"a002bb1c13668fc53af4f71da1f879ad806c89758d89ecbc177d0936535c1434","36"
"a00f3d8a169d6f4c46f54e11a803e033bd4be848e0318134fe1199432d201dcf","36"
"a002b9df2d1004e557b8cd23428185fe4b5c06894496a220e14ebe53c9389668","35"
"a00cfac48f62afcc2bbcba2600a56c6df2cc8be2cedce90f79d74d2f9ab0250a","34"
"a000b4f54627f758151814cf2558a456b9a7eca6b835173580b5d1f6530eb42d","34"
"a003dc0d5c6e07ecada3399a83e30bcb0158c301375b5c77f0fe4395d73af90a","34"
"a00592ac33ebb555ff07644531fb4d2eab521f3ded7f60eb643e7c68d500d866","34"
"a00cfd2b75feffb4f908e5231d20fd2f63cc40b773360e66cdb6f70a9f731b64","34"
"a00c2923b42516d1e73b18b0e6690203a136785c5485f80550d98875c2935515","33"
"a008923e33cc70a8c02d7220cb8d98e10c97b01dd8c13a2948812170a844da55","33"
"a00a80b7ff31c33a71374b334eca9988e4198c35594e6413bf26fcba70d87b16","33"
"a003a65145ed3f7bce10cc3bc3af89db4a88d999e64947754762abc510f4ac4e","33"
"a00a76477f268a5f9c225196c704194ec3bc9c4841e049e866c9fd2905bb2bc3","32"
"a00be1df64fa3968c3d1855ea6ab0b1935746f59eadebae2cb9f8a144550fc4f","32"
"a00415145f0aad28e3e48a15315043ee64404168c82065f975a0690c4735dbb6","32"
"a002b4d88e80cc632f2b152e0d936fdcb0de8c8f973809dff83b4963dc721512","31"
"a009eb40c31c8fa22429c228728cb3a93e1c507bcbc4bb63f9a3fa2ccfba6c9a","31"
"a0079ca656e7b22203ffe20e813ae123db14f8777a65fde19d2e04a9f2c54ea9","31"
"a003f660629340f1038596438d8884fe32912081d8d150161a1227d21fdd6317","31"
"a0073e545cedba14548bb47151cfca9b7d96e72523ba6d550880d9fd53d75dc3","30"
"a0040085bcf0b19cf8b5905d2e9d779f9413d625c356919748a3289e4f56793f","30"
"a00b57ba7eb1da1e781bbf920c5aae3bc119a85b23b5c999bc4314dd8ecf2f8c","30"
"a00d7f92cb96cbbf2f87d8427a7bb33bc05ed0cad2f27544c415241a272e5642","30"
"a003b62d0ff1768486bf1c145d76198a6fbbbc1a97cd77f589b36a9bf736eeba","30"
"a0002f5c5a686e24d4ada17e8bc809d8806c90145a41716dd20595e4cbe041c0","30"
"a005c46ceb1a3c91957592b2dc744a5480c65ff694c93bf950e37f0a6eb64731","30"
"a0005a1f88ea319b540a8af960f6884794a65f2ea53350e88e048f6d8188242a","29"
"a00a4b7c4337b3b6dc2b9a9f9110555bb18ea6b805a284cee32675da96314c66","29"
"a005996c2d78eb28a25ce8d59d77e6a0168292c287d7353ce404b4622b9bbf0f","29"
"a007be03676631905b559e1d12cca323b7ad6c4f3f44420b39d64da8c547a18f","28"
"a00a5ec365446c109f5b997c240cd957a198f1fb4fed1a978f87eef13b664468","28"
"a00c7673fd30c424197d8ebf6d9df3cb4ce2bbd0e304adf65e3e4cbaee953b83","28"
"a006e4c240e8de76d7835b1641361c8a1fcb453c6018530077695e98b0958502","28"
"a006d329d1e8cab4e26a89773e3ba34b710be4233760003cb8658f8f0b23637f","28"
"a004e30a9a38a853fd6e7e29230016b4c245fc46ec975563a26f0906c6778c72","28"
"a00fe9dfc7b8e06906da6bc3ec2e20442a68dade52acc30227a3c6458a9f99df","28"
"a0085c1173c87f1eb0064b8f227c34ad3e514683d7ca51daaf5834a639e4c84e","27"
"a00f42ce97ea4bb30165347c39e07384d6138cc18ea4d4265eec1124c4b52782","27"
"a00c8ba5fcdbac859481a53a11e789c4056aca76a2fdbcfc3282dc4fe66f2005","27"
"a00964a0e65753668c24731ee0a5a381b9fcb57440230fb162f77fbc955b1712","27"
"a006507d1e4bda3b2c419ba3bb7f8703bb24278a5bec06dbc9dbdefd1f287e15","27"
"a000aa2944ee15758ce105ec5857f613bd76b25b76fcff8adda5c9628b5b6496","27"
"a007b18238050e9122c0eb0a7c40ae6cde5a15dde143d03cac75cd394e5c0b47","27"
"a001040a8248fd853b9aaa8de53f7eb29144dd332ca1c66f545e98c63d169aca","27"
"a00d235ac0687dfe70d19754c41afc2960e3b192433a8a885cf8aeab344790cc","27"
"a004b926b1088d492e788028b94f95aa115a63f0d405e1761efa1d7184c0341b","26"
"a00fd192d57e1511efda6688b0075095a5048bb7ea58b7e9f0b469e818cd593a","26"
"a00ce75c0290d98f7cc099bb89f95f2ff8eeb8ae61456575ed8135150799fe37","26"
"a00a3842b105bc7fcc76de08a82978880e405e91097d9fdda2e66dec60f1c79b","26"
"a0075031ab6b41877e1cd3d48fa5edf86d02a243641734b8028dd51a0b44115e","26"
"a00eedd899968d55958dc04cfec89478ec8fa082335690573a60dbff2edd97f3","26"
"a00041750a336151441a9075596568b958d15b7ae0da14c867fb0c24ed5642b4","26"
"a00a75cfbe53d75defbf3ef618314874b958f73878800b6bb8b72c35a488caa2","26"
"a0037b7623e73287b05cf886c33f6f73b5b31e90cdec62daa85bd6ac16465335","26"
"a00de947a6ca12938efb7078b464fbcdfe92366cb8ed37074a6629ef70fc3044","26"
"a00e9ea48ae31d02346df0f929d61f30b6eb0bcce0cd16bbed357f56ffcceeea","26"
"a00ba70f3d9d2804ebf77b18c4388c48718532c76f04527aaf03bd51eb153dc5","26"
"a00608dd5a7d5018d265e2a56db78a4c5a4f1d9fec7128ac39aa0598e96954cf","26"
"a00b257b1e9152d4b3d52f68e589f16ace9abcdf30d6e49ef893b06d0d925413","26"
"a00461e266a59ea2210887188b5ba75c84c51b3145a312574b7a18eeab6948dc","26"
"a007e3c5ea38993b0119389dee298c791ec96d40f434c280d870c3f7b0e74f4e","26"
"a0014789992cb9ef2cd4ce5eb688004f403a08e79f67bca337a3eec5db83babd","26"
"a0089c7ca23a317a5183ef547fc349458f3daeddcb280a06512788eb470f886b","26"
"a005df2b413e02e87b98f38446f32f7007e8fef4244ff6d4d10b86159f064369","26"
"a00084ed54a688cad8ac9657bcf75b325f8ff5b4a820c8da7bcaf49e9034ea04","25"
"a001d0b4617c5ca8bc28e4134af8b5ab415fc5d21976e6e2bb7c382ffb587846","25"
"a003521cec1171d23a5536ce675ed97f4b08320a576e5eae4bf9f5a57fcbaf95","25"
"a002211de3217d08035455017e11f37c3ac139ffa7180e081af171009c81730a","25"
"a00f3bfb42f1be36b42cdf71a5dd849ff548e64d9a96f55c8168b4611a07bcf8","25"
"a002a4d32b50330c70af8a97a7436dbf8f33953016a3a219735724372525d0d5","24"
"a00cd492abb1fedc9e1e26243e21af512b3f34fac5fc088e3f87e5d53da33bf1","23"
"a0007b4b08d7b3a202202e8c121075c95857865201b1eea2bede4c07319f7ddf","22"
"a00624307dcb6388124f0e340fa41d4808eb950b682fe6d8c273b84e01903738","22"
"a00a5608eb48efd961da775601d98dfd1e4187157db6465aa49868b437ee8a05","22"
"a006dc3d7ac818814cf1d6f8a7974cca5d8ca0d892a9ee0a0dd05c617cb4cd07","22"
"a00358bd7996ea635b4ed4034b42298f005a845ffdbf6eb2ba4a8e6688f544a8","22"
"a007723fd3c0533d79a60d5ad0b16f43aecb9cab4fc8c56d60aed2b3ddd6f93a","22"
"a00f5bdae84cc3bc8e900e94da34949710d9d94a2e1368afebcb1954829ec01f","22"
"a001b783da0369dfd1cdf3156d64f58ae2ec887c82e9346fd450a260cdd218bc","22"
"a005e72ec88d5cf516c13500041c1be1af068b276eb2202b25f64e2c5cf704a0","22"
"a00a322f7c1732fa1b6066caaa948d6a1f2b562deaee0c692221f5bd200fe4b4","22"
"a00de8194b72b0a951a9a85dcbdcf353e6d676334b5888e4b918956aea78d21a","22"
"a00d123f40d9c48aefc24a21d74bbcc880a9d497b82d4c812d53e6033cc93144","22"
"a00a0340afb2ed07d225c1a6cd994a478571de1c20ee630fd7a3ddf6b5c2f20c","22"
"a0065c61a5d7ddcaced9703cec0574d5a489d7dcb614e2c35f8b3f8f11c490fb","22"
"a001f53ddcf2e1561982d663bdd69c927f8c3774ece58824229d06c7f680e191","22"
"a009ffeec70af67fe1ed28ca236743348e85b5163bc77aa78d20b7d52c3c668e","21"
"a007e387963465dc50b98a1607a1f8063e9266b72800f697dbaa264dc4596886","21"
"a00cb8b431c61364251d0f68321c5771b31ea5b9d1cfb362ce58f1546ee37671","21"
"a00f121ed5127b32bf3865712a9152121fc71ee43615bbaefbeb80c6c31dc52c","21"
"a0012700a8cd7a75fec80cfed59dc8ed75a639db02b7052df5c56bf13377ae8f","21"
"a00e91c910242c19a949cb741aa83cb63546775447f6bb9b095303f48317b88a","21"
"a0010d436593aef89c67b752c53acaa7dd474cd0815a036d436c97fab9cbb333","21"
"a00aeb03a6f13225ab42b1aaf7069c42b391e57295c037fd4466ecb511945292","21"
"a00b59d691345d89366c826f5008f37f4bf87d3f886b16ce230cfdbc5538d109","20"
"a00553fbe9fbc7c70fb6de0be6b5decfea12ce18d83f5eb9c4f706ed41092afe","20"
"a005bfaeea3e568cfd51b14fcc01a9022e568acf3984483553d5100c6f405583","20"
"a008242db691f2f52a265d20604ff8e8020b8d7faf6b029bbd2cebcc428002fb","20"
"a00054fa48c7318e036ebc443f736dbc3def77ec0253739080dafb67d5e895c2","20"
"a00f3d9ca36df46a6fa9ec597f3323f38dd43dc840ef6b42d0dea27adad0cc32","20"
"a007c52c476690942b4d59de7d252bc3d30db15f84e35df743509cabe83247f1","20"
"a0093bc5ad6f4f8547bc16a509bd3fd602d9929f21dfd533346bfc4961a61355","20"
"a001541c118fb6e8591260dedd6d7fcc392f73cdad149431280a27a49da0ab11","20"
"a0090c8a6015f465318dc388e98d69341763db21de11fdd1a52ffda3a930e8a9","19"
"a00c394ef9525632d28c3e80d1f1101b48c26fe750fc4127925c5c7bd9c70601","19"
"a004f4039c54703509d605543df66510427b7c430c63b69800a634bd2047cad2","19"
"a00a93be71c1bbabdc5d410600df982015c343d31b4d703952ce32388b924c65","19"
"a00c853f7494819a20346698e789d07b134a36e40acacddd720ec87120f52ea1","19"
"a00853078b3a1ca929229d85496496b657526f1c0a06ce04e50f366334c193d3","19"
"a005d083442d7bf38dae47db062fa9b70f272b9824f03f6160d5b5bcc2d9272c","19"
"a00a0cbdb7b45c5781afcc2c5b90032ca7147594b75189cdb2f639282ff377dd","19"
"a00c0c8cfe4be29b716a91695505281ada1f0faae1ceaa0d5ad1ae1d6e2c0988","19"
"a0089aea0a5e44a10b0557db70af8fdd91dde4ed13f42805ef8fa62e0e81a371","18"
"a0069d37ba6b3018c2c5921878ce7d8bdae242c240f66e56684357aca72e85b9","18"
"a00f877cd33923e548552f7380b6dad68e7fafa68755b5b84acd60339f4f0937","18"
"a0063a9c8f5fb7238be9e9202724817caaa8cc0719191f95c2b546fc0b5931d8","18"
"a00b520e9f37d86eb7d882d55a8c291ab73982ab85437a2091f3ce8a978f570e","18"
"a004697d4686c0672e4d43eb83c1518e7a838ebe5efca0acef47aed83eb1b933","18"
"a00da8cb444af6f4dfb9f78cbfdc379bb2020ff437e53083b6d7173638015348","18"
"a00d5a849e657604d424bc106625fc7abc8b8ea3d048c0a2001ef1726b96636d","18"
"a001947198d45c8d8cd1814d76c5e18a3b33abad086a2f46188835833baec808","18"
"a00a4ee7d71800a5723c567cabb4745e89fc14482e4b91a94cc6374e3ea96bd1","18"
"a0054537912cf7d428c75a4a11b028680aa458468993946afad13a2cce2286e2","17"
"a008ce86fd215a73f89177943da962501578ee392a72abb20b50167a5b407a6d","17"
"a0075a756c292b778d46a650c87946c87fd9797a0191aba18563875047592ac3","17"
"a00bdbba3e54c27dcfef63db3a03ce90f7bfbf7664f5ebb05c1d752fbe000bf6","17"
"a00862faa31562242ba9b90936a0786713ca09351e5e3c9a78f3de7d70dc3739","17"
"a001647580ce4643601041015380b09baa28fbea9cac390a055ec2f25e765744","17"
"a00abf2888fdf1abb5bc5492d22f9fab0095078709268479831b55e657bceddc","17"
"a00ca47a5fbf71f15a19b7130bcc416d2f31db9c129b97e38488bfad8fb7bd69","17"
"a0059dc818ce933734d837fbed5df536f985cee2becf84a6cba794c9c6eedc9a","17"
"a00451007b7ca970bbe988819e06f91464ed0adde00ea4d1a77fb4fc0ccde3af","17"
"a002d861acdea4cb769324e2d99c5360ed0da46a37963653505ac9d2cb002c4d","17"
"a006653d969acf4588b59428af6dfe74669ce27cef644554d7e4c79a44a48ce8","17"
"a0069c43a6b5a536d6ac328530c0d8d78d4c8cc8dfed8803f88593c0612dd4cb","17"
"a0065122d3f456cc46e99bcfcfddaf78e02730d0a8720f61b3e6a32d1d05b1b0","17"
"a00c5411fbafe09ffcfab0cb446eccd4829ca5b3a6ce906d8b59e33f74425c04","17"
"a0017c8cdfbc98448622e2b178f3812013efaeb553af07846a76ec66e34ec977","17"
"a008c6892b59138912416cb2c3729acdd95ea9c7215b12507e570c2022c629ba","17"
"a00d1497952002c1b1900417bf9808ab714d230ab6dafea47ee7f219bd142fa6","17"
"a00f065c38f90950b4039d5db2faaa4d89d383048b1a3891706735d6bdeea60c","17"
"a005bd077265e4bba82bc462d1d64bf31d6cff13b4cb19fba0df8a79e60744f3","17"
"a0064afaaacdf29c18c04c5ddeb2d5ce1e3d7dda3ed7c2ce269e8c78813a1d19","17"
"a00f10cf0a319c0a3aa0a58ec51c759ccfa07cae21472a0eeee98f43cba39e0d","17"
"a00b96ceb4a908b4de67ca9ce98112c29acf37408e1e0648da3e3eaafea324a4","17"
"a004b3c580de179fa55a8596f94197ee272281dbeea243105505d81d58534514","17"
"a00bedc45d6fb0b98f8a81ef833cf462fc727533c1544a78da977a543de63f5e","17"
"a009bf0b6a2ce3ee4be2ef76ad283e9e283db7aa503628dba1100d2c847c39bc","17"
"a002d27d667c79bf732ff062f9e5aa801e9722a20cfd79524051e1b73f185d40","17"
"a00b2088d0082c26d539ba084687e88be776200d282b8c2d11fb86b6d53d1f07","17"
"a0075c5a49e7227afc6df91dbde2d878c64a0d5e2823edd8d819372071f4c25e","17"
"a004f0072b09f0bf734160eceb6fee623b37f4ca588e5c5e77f83267d9e95c42","17"
"a008b7de192681374eed9003e9ec314226932030b3559fb4115bf6735b0549a6","17"
"a006a320a25acb4dc4c7d8ff651cd988df9dd4898955ae4d08b4f8d1e162ad11","17"
"a00f523899e99c50043a6361b8ecabb6adbec9bf4c5be743c02a9cf59651e5b6","17"
"a007510b6cc02caa469250cc1d0c609d6254137406c1e65cae22dbbd0452cfef","17"
"a00ed740e7642668a9e48bcd7db8f1c4177025ffbb7ee4ae3ddc97bae447179a","17"
"a001b5199dc01dc0faaeabfa37e63b65d8ad93e903c3f9598ac5ee886a661747","17"
"a0039059c7471f689b8f25c81dc781353a7eb2a26e8b98feea76b30530b9fec2","17"
"a0010c757b71601fe947100de70d4dfa4d46277eac49571a8a6eb1b3eed5d0c7","17"
"a00c9e7289e13789f45798527399373b9077a567fdba81b076a5b5951ecebc84","17"
"a0005f09ef26aedcb3af9c1d4364b854823093375d47fcc45cfd13b2816bb9c1","16"
"a006bfe30966934992ab4c6403e956288fbe37cd40a3b6e871c1b0bc3fb9cc10","16"
"a0084ad20ba8a34f682d913f2b35e809845c2eca44183f976c49be7f30644a85","16"
"a000f0482dc0ec7729af4458784c5509c1ebae1ebbfdcf122e28a18c2d0dff10","16"
"a0094d90e080c0d1fadf06d8539d34d79c383de41841cef84ab69902bdc26662","16"
"a006dc420be2f7531896befe1ae56cb6ce787893539386053b1107878993b3ad","16"
"a00003fc0a8a454619cffcc2df173772fb3342e95e97d6b0ae726632b8514a69","15"
"a005cb2692e48afbff645328ce02becb492469f54f543af4fd91bbc57e959f27","15"
"a0070b4d10fff875063ae8b364852b8dafc5bd89e255784e375b60484a65b89f","15"
"a001daa49b5667247774c0fb8d433d774f0b790fd6cdf865db1d95fe67642f10","15"
"a00a32843255de41f195c1d6a71bcd3d952361141f391b7cf2b306091d0ed294","15"
"a006ae31f0be575b215fe61d42238bca63a708ca2a0557d2a2481a94266642ef","15"
"a007704359e602c2c33cb82fb67d72e5c0e4376bac0516bdd5483cb157983658","15"
"a000692660e6345f928df83f124fb66c90dcff79837c77614efc97a81326aa6b","15"
"a00bdfdb85906c48b4a2ed9b8f242d586211740b7f4270f443ed5e86b09fe324","15"
"a00cab804163ca34e9faceb4aa3d5bc1971ee936e22c4c7433a79b5c4f52bd1b","15"
"a00a77222dd17c020413ee25f4d56ab7e4c460dd375baaceef88bbc4be8f758b","15"
"a00488f781e19138603562839c1a062d857be2ee513aa4afaf3cb85081363c73","15"
"a00d6aed31ff4e258b198c541790dd121c9ff3c5783b2a1a966ce2ab22063179","15"
"a00b9f5c7bb3c38a9eac91811c7e8701a159e0e5325dafcf1b9b9b3eb0dffc89","14"
"a006ae96b034f8a39d59b2ba6a98edb1985902b9bc06a572025a8b53d2f6e876","14"
"a0023740170139d064ddf3c7a337857f0a71900ff2c13012299d036c198cd9fe","14"
"a00fef1b3d1b40d6fd0602055b46d68d9df86d6bd669ea1d02458a7eb9d73a46","14"
"a00bb91185032168702d27f45f56a696f3236a60a42bd3a4265c760cd5d0f0b1","14"
"a00709f24da7d9767e98ed6870699fb729955465b6874fa21299c4b7632dd4d5","14"
"a0004d72b69c7c172bc4cda49ca1f54590969055e2041db42b21ceb8b0b05db5","14"
"a009c8d77110a6885c26d1c4e01da0eb431875e8fb71c5f20402bd13efb64283","14"
"a000a6f1d88dd920f93c339d682ec6a0a54a4a3b2c8a4982d79b901ce47109a8","14"
"a00c5832d5c543552c493001d1a4d814a03cebe01dc6ac845d058453e23a998f","14"
"a00bd129110b965bad3f8de3fc801b93b9c3caf659efb30d3df6fa720ac81d2c","13"
"a00b442ea8263e2f8dfecb212c3c40ec2d00530b90dbe71c46eb72273cc2f21c","13"
"a0051e2802a686e8fd051404ee8a46ba775e3f8fa62d68712bfef7798d21d70c","13"
"a00afc2a24e1e9f46bb22096d809746cfc478b576bab2354b15a640cd7fdb85d","13"
"a00f44998f4620b8643746d2c211813105c30b86a9fb8f37be38caa71c7b8fe1","13"
"a007d4076b3fb64f686e62e9900dd1082d6f1b5b11ed517866118d5cd695c827","13"
"a00e98c14bda628442a19bf7a1bd07b8532f8be99a82dc957ba6ab1a13d0b160","12"
"a006afcb2ed518db4e6ccf1b7569a55074b3f93a4dec1d1f03fca364d97d8504","12"
"a00c56da7f0ddcf0ac521e1467be769b663bfaea6495b2b444837d86f7efde03","12"
"ae09f8d5e6e5b5cce806a0fd784a8738b8b69297a868298dd52947f9ce8a843f","12"
"a00d1048e6f6fa2e2b0ef4e4a6e9ddd9257df156296dab4965eb1b03585e9ba8","12"
"a009de8ba61467f809dc55c822fd838f633014de20ab13c4548bfe267c8c28e0","12"
"a00a762ddeafdfae538d8bcec0334b8a9bdf6f6d6a0a3bd48edac0aa2869ed66","12"
"a003f2523e90b51e4f8701d0b0225766ffde770093980ccf7875509792be1bb7","12"
"a00ddbd2d358c1cc14a5e56bcbb54b7c414b13d5267ac964ff50103cea14b95d","12"
"a00427c528d5abd4c09b91aecb3d4dea2b58a02a69b3e43fceadc0139a648530","12"
"a00f707246c180857c3be0d788c5d0bc93bcfe98df3152f172c32b977a4724a0","12"
"a00823f1a9a530614f87901b8a4515dc70c5a8db79d06ae3fe7e14dcd5a6df6a","12"
"a00a52b69e01ab6199992bd8c7f4e09b92a225fae33a667ea6b330662b54602a","12"
"a004810e28aa9d98366fd6e56afb6b83b4cd583ed262fa221f29fa2ee90df581","12"
"a006e0b3153378be481632f933ce507b8b0f58fea4e92cc391f8a8537faae080","12"
"a00e14a819edb833ffb02bfd46b2c94c413975841aad90a2fd7128154b1cb3d2","12"
"a00d6c97f954d13c9f390201cd159a19db1c255c99085267196cb648d21e800e","12"
"a00a79446fad98e9d2deafb24ccc8df787511d8a457197c3e7fa29899b1f58de","12"
"a00154ae7dfb2d6e348c757ea23e8cb3fd7df5741ad064be7ed20df28b97e5c9","12"
"a00c5bc1ba9f367a2812ad44c2954fbf44c0dd028a65c6534d997cf8900220f4","12"
"a009b61991254db44b63561ad2182bc7564d15cc6bd622d848ccf6b8610ffd74","12"
"a00a7ef91ebe535de1117100fdb7776ea80d6d667a7ac06746948a7a00403f7a","12"
"a00c667f9b20f3b304a92ff1fa1b88b07116f08d84142b968723b0105aa853c1","12"
"a005fa4f0af6c88be37efc670eb5399cbccf1758f5be25d1f5fd684e2de29854","11"
"a001b3ff800b734b473d4330801a471422dcaef1ccb75243bbcbc7803958fda2","11"
"a00416ccaff2b39bcff7056c974d08d76d450d6420983781e5465f4ac044ac66","11"
"a0045d5d3b698628543f4868eb892349b1e1ceb3284ca52c7645b30f60bcad64","11"
"a00c6589cb47e6ec38fd987c3f4b975580e21acdc1990ee0030c3deb0cb0338e","11"
"a0067036311595dab92122b11ed36214c859cd025f25aadfc1b9397532547374","11"
"a006c279879d71dbe1031098138e5b982fe648311a5028f04bf61a338d1c6a33","11"
"a00e984f11f5ac34d3c907b29c40bc8fe0f2cca02b8b281f19fae57701760d2a","11"
"a00c1d8d8011cf9444c2b2a9c68b353b2e0fa3455296e6178d0363f2b2936bfc","11"
"a00cd5ef35edb8a7b5c594e1dfc2f9723338ef74e0532be0db473bb7929189d5","11"
"a0085bd17a9f2504a16572cc47d122ebec7f8acd6c51f3c85c3cf381d174a042","11"
"a00623f01e30a2ca93a2e2d18cee2c5f19ac07fc634d1c30e94610d8a59993fd","11"
"a002efd14d80200260d02854193b139acb781d51d1492699cffa0a3a0cd050a9","11"
"a00b37aa4265d29e1866dae3f8308ba7ea73ace9c35e3b703d89ea89667fcbe7","11"
"a00b9d69557345da2ccbb6274348c4bedcfdec14337c505b91bfdd18c674d64e","11"
"a00bf394dbbf8358ec9e03e58ed68922bf5dfe76b095bfba4a5433586fab9835","11"
"a00495d2008fbe54464800bea2004b491872084b58c5142121c5b74c57b507ff","11"
"a004bfbf9982748cdeee2c95d93a9c777b20de290b50a2c13f97cf595156cb8e","11"
"a001b713559423e692e042381f7bf88608b6ad854be7fb646c4d6e294a93a1a7","11"
"a001379563ec68719f1913f82c3e7489dd6d17d5007bf8aa64d676e6ed561a45","11"
"a00d798ddb74e9d82478a835a4ef462da110da7c74a693e8674bcea46f646dce","11"
"a000ee0514a3cd6f65931af8924d1ecbfffa1d01ef7499eaf55015716810e1aa","11"
"a001d5b7e540354dcf5945efe5ff3f4fcc4fceb08acea0f92994290599ba87d7","11"
"a00962fe70fffb5122339c5678a26c2d1fc70b4d2554d15375415e84ba4670c8","11"
"a00a0e30452be08124e126e9976c37583a68d47827abc7a6d6b2e55fd76aa377","11"
"a006f05aab1b9aceb9ba010f06068c9f291f2fcbf299bfc40b9631372f3d0365","11"
"a0002fa053e1e1dc660e3dbe1bddd01e27c8131756db1cd1394118df29109e1e","11"
"a00c668cc3a59441da211f22609eeae77fd61d0d0ac5e53191b8afa1d051e8cf","11"
"a00d04b1d1eb6bc47984bb9d14abd4f46e914a039807585f6a3470a388dbc59b","11"
"a0040480fb501043856653703511d137c4c25a006f1adc16a7714c058b45b0d8","11"
"a00b956e82fbe617a71cef3dfe90a721179f9af437a7ad2ae430c2c7394e274e","11"
"a00f795f6c2aa2e98151f8aee34ede5fe9b6fe3738ddf55a9821db6e4799407c","11"
"a0051abc3d8fa8aed1ab006988efa3f00cd2a053c64bd609151df4966b9e1566","11"
"a00ad72c48d800a1edc4129603a676a9e13dccc879ff3567261c7bdb4276f9ad","11"
"a00b3cd90bb54f6b9a84d9010d3b998a6bad7cd150237ad665591f4cca89885b","11"
"a00670c86099dea092e5ba0c49ff01da120cf4f37528b960acb3d4e3bb6b54ad","10"
"a006a1e916df86209a6a607094788193ec9a9bd5f01716282c9af0acca0e574b","10"
"a0042b4ab7a8c1299a6b1e36fd6b0987111aa66713b3ab4bd2f403527682f96a","10"
"a000ec41370115d831542d632f41ca7ac88d048d89d596319732822f2cd1f766","10"
"a001974f9373830a8fef2b856b709e30dcb02630ae6bed03a92ed90f7aec75bf","10"
"a0036d3d17c28b90dcf4f11a08af96d41a018466350195fbd878d808e157b8f3","10"
"a00acf4d3ddb78e60ce614c7ed9a865ad88bbddd9cb202bec8865d71c0e74ff9","10"
"a000137a99ff703b03ec2acfa432515edb66baad99cda78197799b762d2e8aa1","10"
"a0015383153abe8fcfa058a01943aa586e71066aef882646cef2a3da438a7251","10"
"a0058478cf18ec539948ee3e17dc9740b98fb516e43ec3e4fd48f04dfed7a32e","10"
"a009c623497d27ab223b823e113297c799657e2916f9a4a7a75aee7e15596ab2","10"
"a002d8daa0a6957b1b537d9d80551105f8008e631fee85b141300bdef80b193a","10"
"a00eaaaed2f25f139fd5f64f6a2a6164d693183a227493bf527aca7034a47c52","10"
"a00f91d10026f368e434cc846ad59bf7827d1ce644a3fabfa03b573306aadee6","10"
"a00fd5af4c22b061a750818812633058c434fd119fbebab06a2e0234e724225a","10"
"a00133aa419f114e9212ad248457e3603740ddb73b9d95f0aced45355b64300b","10"
"a00da16dcb044f77e4ba394ddb0dad8a6110ef4c33461fb198c76bead587cf4b","10"
"a00a8f85fe3f26f7464f9ab2f92e1d7ac548a71fd3b3cf27200d71791e9b3ee0","10"
"a00ebac6347e4540a20de66c03158cd9e3c2b2eae439f9c46a995161ed6cd9f0","10"
"a00f7832d593d8e4dc21dcf97bec8365ef22cdee34dce72937dee15470f7686a","10"
"a00dbc5f77de72c00750b8579007fad06902d55c2ca81713280fc2867aeb5c14","10"
"a0032c292a74010d097067342b83b2286e38f566f66af436f57f934e1cd2d4bd","10"
"a0036c78af76437e0bfdfae8543e4987125b3903a459c150dd0e27ac33153e15","10"
"a006dc224cd76db5a528ea91b459c9eff51db743b29a32b4b19d4f2962f09056","10"
"a0009d0e16be1ebe6641c2aaece01a2232c60c238858693ab5b8b986f2a19477","10"
"a00bc73bb57230ca96f6b20acbc0bfb8b86e9f6d545451e91918b36194b4a2cf","10"
"a00fcd9792039f151395d232fe6bc95d4d755b4150e1f05c61f10f57f714eeee","10"
"a00fefbf7ccbbc2e2cc3f44df06045b4b7a4b539fa916dc3c847e9fe3c5f12e6","10"
"a0017d39cdf7d4534b2da804121b3c08d1eebf6f5f17497c266f1fb64cbd5fff","10"
"a002562f7677c8dd627b1a95b8c608019944939ac2d9139bc7f248b82beb60e2","10"
"a006842ce841b07029922592727761c2a3f9383950d97b4bc661ec947d416eb8","10"
"a00e0668790065b2b5e7e5ab1e87d394621efed1a6d7b0ebc812a510ce9a7b9b","10"
"a003cd6903cde6ca6ba69f919423eabb3c5825b34125ac5fcf504d65040714a8","10"
"a000241474cdfb9416bf90d9bdbb72f362da7f16016fb540ecd4e51527bb0b62","10"
"a00cf818da833e73baa9ea6c3f4794b615fae02796c2671b9403a6a2d5df34b7","10"
"a0060997a31ae7119b338cf2574b469a84241308cd3adb371fe68a07146315c0","10"
"a002e0cf56cdd1b23a133aac60faebb4370573236faa74eadc20e77c58fb2573","10"
"a00e933c9759c65e554abe9c331b170ca51d3d039d305aabf38424a792741818","10"
"a0072e5df5bea7306fed8f21278c57173ac173e22ce4fbf1b933f741d1958ea8","10"
"a0075e7acf48cccf42e362319385317d742d991cac9b84875f8edf194cd0fd83","10"
"a00bba725735027771de3e364b2b73aef1d911dabe8bb29af6fea4dade1155d1","10"
"a00fb17d382a2c2d15b12ef62bbb4bb0e00a502b432dab9810e60b2c37cdd0dc","10"
"a00c4cbfe53e63bdec9910eb1b276e713051e5f9584b71dbe8e0d6b5431e5e11","10"
"a00cd5376c7b595f71b03eef6356fa2b0bcba5d1f7b8d1a7ecaea899ae9c5cdf","10"
"a00200efc9368b213b76b7e9aaaae335a2017d4aded08458a00cc572b60dc29c","10"
"a0027661b73368860133050619c8efdf622379dbb073587b49e9a7b9a7be619f","10"
"a00a26368df7d3b074d186b15263390024ed88dc88eec587c1b3b14ca4236339","10"
"a00794246f1194c3e8ffd6c74defb4998939a3cf19a094e1c01af4edd2e21368","10"
"a00b61d9e4e116f31d38847a868afa5e0b00abb2287e2ddd7f2d33105d9ec00f","10"
"a00fcd56d81a3d48e1e7caae739030a8e6322fed4a37dd4f5fe83ac06742e2db","10"
"a001d61d452a02a26f1a13a746b7d988b8b7c47f48cbb77ff5fc6c52501ff56b","10"
"a00621b5b41390d5c0617258265ed78d5ea6fd4576d7d12ead66f47a0a191b49","10"
"a00a07dfc2ac3b6bcccfd1c762487673a29ab3ae23ccdcb7b2a02fe848fa9b9a","10"
"a0037045884e84dc8a5564220e9e6762a0d8d184a76c7316d261bf06eaa7f84f","10"
"a0002349c91c769ec3ebb83b76379309e1c22f57148cb1294a80b90ab3b4640b","10"
"a00457b09185dfa7d3039084abe57283bb1a5c6baf6d76e83f2c612ee9a18e23","10"
"a00b6e027c7677b81a1b5c1a57c46cd540a0565b4dc2b1292f7514ac05371f89","10"
"a007d5b21c4b9e0a1dc0c0e24e773acaed47430a238d71e25aa50c9b8ce742ae","10"
"a00109b023bac5a362cee8b620881054c6ee2597ad4c96183b8873f5a9979ec4","10"
"a00608f0c4a8f840d4041e181155fe5d03fef7f5f7c879e3495361000b14ba08","10"
"a00e7d681d463abe8cfd3ae1d58bdfd4caac3327c3bd67310df15d70f334af4e","10"
"a007b4e75e10852e8614dc52f614a95e4f416b53ab9b3027ed58d5fa88855f33","10"
"a00b7e0680ff13e1015add1e953eb3afa6840fbe4572b851459b5de0a56e9250","10"
"a00847ef4a96687639f7b20965a3147bdca8cd59e59b9fa3462c865833e735d2","10"
"a00ca0936b0b5e5f5cb966a39c59644692720c680b46e09b9b89342358e0e926","10"
"a00cd4c87b43229d6bd7f8b98ea90b9a358b76e22951205a6600e0aab628b934","10"
"a0032433429df96cb02ebedf2ccc5552eb82bebb685716f2ce1f37d36445be36","10"
"a0036344d13f001d69f39c1737105fac6a1ad7bb9251e3e33636ae9b105a5f9b","10"
"a00b15e2fe32a91947dec946f4b9bc30d3540b41d866572e753b61d000271caa","10"
"a00406fc2103f9c0fe0653df1062fa10f1153dc4c5aaece6fc1b3d655b243b36","10"
"a00765ba11a99812556ddc38aad7f9f3533d9b346cc0a79c2d308682d983e3b2","10"
"a00b37260795e26d224d4f322ae2ed57898c5a2a717454a4561aa95af9ec1de4","10"
"a007f9e507f807a37dadaa9872f85746bd1fb1de3ef018ca78ab4087d5035a90","10"
"a00f7a963e7450235bffbbf0e82f11aaed1de507dd966f64da432f2f7fbab2bc","10"
"a00c25b2e305d41b026accd5d42edfed3043e7af7b509f17185296b31e7a11de","10"
"a00a0699c2b9236432e9afb22abdf829bab51f71c2ef69cca2dcf94fc4e67464","10"
"a0065d5c211b2066d91d006a2352032828d59e3d80d2e3d464cb6051f7546681","10"
"a0067c3fc6044ef46cfbee2df17c1b60eb949a84da2f88aaedd9b3203d410cba","10"
"a0048af927625dcaba704d262a272e35bcd730c0c6e8119decc0cd03f1d91cf7","10"
"a007d4b37990ec14ac30c14387a3f52e73266d668c751a82622d2becb3ce23b0","10"
"a00bd28c7f785aa14acb88d263db22ad74b08661a38848116dedbe7589bba113","10"
"a001042561be19533c7b8d5eaa8c6e95a8d7689f2037bce4f23e8a455da3ead9","10"
"a001b66576bdfafae493f9a0a607d353ec4ec521643b733622b4645339845efa","10"
"a005b7746311d468edae711a82b20d3ebb2fdffab04fecf2ed6bf405f5867397","10"
"a002dcd5853a93ab09df1e1189ff840c56b2937aaa6284074d1cfec19e3d6ff2","10"
"a00e3a1576cefad7f8fe2caa39ddd52d7d21461e7c247e8f9c9820b1a4ef2911","10"
"a00e8e713a144cdb96005fac9664480179a893af44ac91c51bdc42b7ea377b8d","10"
"a0072ba81491512196890c209b2735537e309e1944c5bf21b0c0e2c457477a37","10"
"a00bb594977646f4786709f6ab0e14eb65f7e5c1729382e4d26ee093475ca719","10"
"a000c6e13608dcc182ee5e89bf11ae77a9ce7177a626374b5574218c3d1aa97c","10"
"a004c80510124e782673ec47e0c6d07af82d83f97e1a932b314c48449d0bb648","10"
"a00fa54d2970373878e1bb8069b07cbdf144f582554aa2ed53572c6b48103e01","10"
"a002b7634e01203bb96897b524b2158fe9ffa61dfd94c48ec16577c01405fae7","10"
"a00b1307d33e93018c6797aac859708436d2765fb60b43ad6ccdd4054a76ee33","10"
"a005454fd38a5a0b21d5e50c03c4ddb1c2b30f0c4a80fcaef7488f97589a3934","10"
"a008bc5a75bb162a4429da179d0c00c0d597da45e23e300fd2665b3137ed93d0","10"
"a009bc4b5f2470da23f67e0b4c57cd789069ad379fe279816f6b422224e220ea","10"
"a00018c7e6b015f3ab2af2aa1c9c9135e510ef230542a8e26b5c2ac5b683bd19","10"
"a004bf7f453a1f3c5d96866b6cd9b06650aa5960b8c9a862b9436d1cbd2793d6","10"
"a0012a760b4a1ea90030de98728a7ebfde488a39c4f492491bde87178ddc148e","10"
"a0085d1737dda9c11b558f516c2bf68d69e9540f43919634b685c6c003f584d6","10"
"a005541d8a08eaf47e8e0e4f532b6f9ceaaa71fc02bc34b0bd262f0951cdb31f","10"
"a009967476710ddbd5cf3ecf966a77d711ee54186254f6f9ad0d1bd6ea08995f","10"
"a00a62ec7a1c52f5801c138db351c2996210b5e45497042dbee58f4af571f459","10"
"a00f0f343c09ab9bf892e12e1eda5334e1509bab7979566b670882f0b7891125","10"
"a007a815fd39db9bb563ca72279c5cbba135768ab08025e4dc4cdfad58a0c063","10"
"a00b78916ccd5c71b58d94b855aeeacfa7536da6dba20944ac43dd681849c446","10"
"a009b36332a2031e45f869d43e8f3b8033115732a292d8d4b2087dacfec6ed49","10"
"a0026cca3577ff4efa920d79799c6a4441c4e09e5f4b5e9dc4827cf5b70ed3b4","10"
"a00e3eeeaf4882aac2bbb8915c2b00fbdaeb3109c7980d498096d506cfb883ca","9"
"a00682ba9659607132e0483fca306ce6afcde9f9cd3e9dc65b2c64901ac2f5bf","9"
"a00e349176f32b99909a7cc3de2490f72baa3294eaf4f5b03261ec201aec5c37","9"
"add4776a55a45a4fca985e30d4db8656245410dddc9c43efe6cef364125ec4cd","9"
"a0044dd3d0f125e8932886f355dbf3f43a6fa887eb5863ab236415a5fa5abec2","9"
"a00bd1bad6d37b182115dff61ce03f9cc26392647d9c828f78ff137e9f7dc22e","9"
"a00cd65b805ed2ffc777426dd3da5f14c8b5c626fc84e854a3ff8def89720e5d","8"
"a0012a1707f6036f6aea85044d3bc06b74429a54238a1dab092878a4446f309b","8"
"a00292175c060bab2e7127c286ec521f165e5f74302d4c3337437a1eefcf2f2b","8"
"a00c04c5619ad43081f04286551dacef80216ff4e8a40a28b1ac873a47d0412e","8"
"a0008f6f4e0bb7011fca6d00e4487183a9d926bcad29991753af6a36279a4779","8"
"a005bd88711a6f88f4430a09f0c4139ab5848778785f5767e190a046ef3e96ff","8"
"a0063592810496fe8aea67ed325a452ea6103e49d20e473bfbf6a98def4da458","8"
"a0092e24254af1d348dc7015e382c478904fe13ef646f7e9377f01110ba3512a","8"
"a00e491b2501ab63cd1d63bc3290c5306ccf322fd8b309d9b04ff6166b3e8c01","8"
"a006b0b8c1eddfe2e13a0f8ebe6da4d4e10f2edaf39a390150dc37690cd68cb7","8"
"a00aead7e88d79dbf9a6b63d8c1cea99a62b7fe7db8bd33677cef364b01b69ac","7"
"a0065808e3917c3bd726a3f895ab5fcfbc626c27f37e09a0e4930edfdf63ed66","7"
"a0040b35707caf74650a8a2a2d3f5eeef508e1d2bdce16e49ccb01e5e824885e","7"
"a007d3ec8ce23d67b817ea3367571237377c6a060a65e5418c0ef8a487721ea4","7"
"a00bf6d7f6e9c0ab621340abad9bc90c474a48173e9a21d1e087965e755206c4","7"
"a001ddde2af631246365eddebe2e9620066cfa09832efec68b7b86acd57d4d3c","7"
"a002593db609210d5004ae315608876204edb22d17a7b9b98e0ea0db05fd746f","7"
"a00b046faf0b9c26d077143cdf77b11e4e3471cb747be44cda7e8a0023bb82e9","7"
"a0084d5371b7a4d0d42667b33cba23cf6da3f33b0b95136d70c8085957d98623","7"
"a003b2c2d91c15414831ea751a1a559ed2ef7e1c2011f5890351486e3e38605e","7"
"a0030258343312b46a7d87142db383ae1be39e9e43b62a21b8ec17ce6e38d861","7"
"a00fe0ce64259a5a4f4f1276940a739ab5aa7fc0e41595c5a74cdf21511e47b9","7"
"a00ca1a47fc9024b748cefc30ca6adc9fbbb171209669fd32f20dc70b0b5d810","7"
"a00e9f241c2be215a1346afc2cbbae8896b332b935a47537b1c0d3acae3fad6a","7"
"a0075d03c4511cac2e2eebc6c19d74869073c68537cce53a0a221dc26af15883","7"
"a00b50175c1d09faaff0ac9b87be8824cc35aef6462c39b59c7af14e31608f35","7"
"a004f13745df25d9cc8b83e009a1bd01c9335c6e6e3ba79e16d9c2c8c02398d1","7"
"a006ab4cc77f941abe4b70dce476127ace9506f94f52eae70d0a33913617c89b","7"
"a0054a2bcda7b868905fc2d7e35eaa187d3ce1a72e6dc6d45251b71191709817","7"
"a00280d20e5373a6a9a82f8b44fbc142bac423c11c433fffbe35b47722ad06bb","7"
"a0061d65c6553b767d3a74962532a5aef3f954e69ed3e7c805c165c1f80ffc10","7"
"a00335a21c584ea1f75b5680f439845a044d4440c51d9adf729849a2082b3849","7"
"a006b1b237e0ba97506f4a4a57ee7b02febd45da7d51bbd73f4703102041dfdf","7"
"a00ada24d9e0400558729f9e662256cb40345f651f9dd6e53e8ce32d99bc73de","7"
"a005347b961e97b4659145b98ffac2a35404d45492d5eddbffab0c79b86c505f","7"
"a002616349f02291bcfb0b4dfb1fa8abd804e681df7271e01391f8e9275768f6","7"
"a00ab47423135c9744ba8c4cddcea345dce40179b3eea9f8f6f7640113bef99d","7"
"a005f00290d774ccf96f1bc181fe41329832166cbf54b258a99075c8814cf3bc","7"
"a002fd23dc98d440bf84723bc4146f9ee38ec18dcb40d6cb62bb256a2c72c892","7"
"a004e752bac6bd13c47883fcf8057755767a7b21fabde95d48a239fe6b507b12","7"
"a00510689c183b27bbd5d16116b3aecc8b6225859ceaa14f0e78ee0e0304f0f9","7"
"a00a176c1ec8529bb2f69460370c712e1351d23cf34a0eeafab1d77a2bca23f2","6"
"a00da179f2b22c8c9c4cc2613b848fbfa9c2d50465a790525cfdb27f636bd488","6"
"a00f511fbb2ba3a189feed2f99500cf4c7b26329d34809616d341b8439a6a04e","6"
"a004f76aff0828ea3ca8e498789536a8fbe0777b04ab6131243d4e71d300733e","6"
"a00fe60cfcc1ecb49d7e8713c762b9f1e8135209beabac19bccdaf4079dbe12b","6"
"a0071214997ef7c6c453fd3795955087ce8fd151bcd5516feee25583be66b8c7","6"
"a00b38ec6a547598f774233cb61acc7c42ec7bf212ba36fb88cc665bde59ada9","6"
"a00f8b55b7b4b76f359bc4b96eec95f2f90750bd198fc38da9be53d6f80a5584","6"
"a004e56d545d40637b20d58843fa018d9189b0433d8dbc9f7bd180680d122670","6"
"a007848ae0391740151a5f2a6f056e0f25034f95e26667f53fed25aa57f05331","6"
"a0057193c100b03514d4ddbaaa0a886df309cdd524fbe8444311915a094c834b","6"
"a00987c49296b5fb82e1e5ca458ec027943db9afca6ac51b1c850ed7adf7e19b","6"
"a0037beb676fc87d323cc6b3041d136649fb1b3c3326339a0e202112078c7773","6"
"a004e454834a86b320fa74c7457420f2b352cd4630bb15d4150b2a17acaa376a","6"
"a009c1dcf3f4c9e7cd76799cccb6797cc559a6c9003b44e59388572f8aad7ed3","6"
"a00a7e01792919daad23cf0f87ae3d1f096d72dded89972b54508917ad08b1e4","6"
"a004c2a78ec219ab7951ad22ac863c2e2fcd105f98527602339c4751514fd96f","6"
"a009cc2ba19c794f8488e1079f0fd26a1fbb822ac0b4802c52d2bb57a98c57be","6"
"a00395bea7a8c0fefa64092dcd5cd9a6ce7dbfb4a341043616d0bc9ea674a65f","6"
"a007ee3aca780bb5a392a4fc4e76432907c004713c632f66a2a49322d017beb5","6"
"a00d3f1d83232d4d85cab8a2bcabe01c0e47f37aa4e6ffb4c12bd090c7643e46","6"
"a008955b42bab93e480d5400e2c7ace8e1a956cd05827b0ef1a551bba0a993cb","6"
"a00b43085e6e6ac49fce5860e0f07f92a3279dc851663a2afab47197fcc4d5d3","6"
"a001e6ecbc6230927813f4f55059868d9342200c90d28beb33950a513d0e1086","6"
"a00223dcd6f3b4f8fbca77ec74e482a25295527c29fdace1a6f8488ed5e23639","6"
"a002945c8c8a1b2c722492360fcc3c67d1872a7a2834cdc17adef7650b24a8aa","6"
"a003db2bb19cf22349e372927e73f6acd9e727fbcc93a9b987b66045f09c7b7e","6"
"a005424d75cbfed49d57414efa5df238fca2a4fe042ebe65414916dc530b4b30","6"
"a00e21b426a9b29e9069570e5bed546bdbc250f79ddb00e836c7b44d21ed72ce","6"
"a003e1338658daebc3e9de04ad1256b85a2942ed989d776e448b4f9820303fc0","6"
"a0017c8b4bf9f6c47cb05efec78d5ebca5d40b76bbbc3a2974595cb04854d4e4","6"
"a00ce3c1ccd057229f767c8c7641c6d23f54cca51b365e2a25283828ec89389e","6"
"a00e33ac4fdb7b1ccf48a39d245c5534e900847a516efaadf8474562fe605ec9","6"
"a0077f4fe386d4e593e2489c695aa0d5529e13896b5f8ab94b83f7ee0db5d6bb","6"
"a0005c4d31688243249dc57efced5a446177483c77b9832328cebb25ed520db2","6"
"a00fff911c47856650a482fe0b2f01b57ae1f5a8afbb2235b20b8bd1322db9c9","6"
"a00b78e50df7b20b6a2a51b3983074558b4484cf7b85fd02b602836595fafdce","6"
"a00c1220c64366d5003605e3813868ccf966b63158f226470529b1eb642071e9","6"
"a006c552a3e33113b77145022376d74a7c48298bd923a927fa5f912c7303e685","6"
"a0037aa1f83819448fe70e2cb1ce44f9fc4754e5a8f0439cef01f603be17ae6d","6"
"a007c3d4c568b3afbad64220af35c06ecdd1795096fac894d2dfa7fe5628230b","6"
"a00117b4cac92fc0b2c685c8a4135dca6204c3e92bac23ea0deccee257cdc7da","6"
"a00a2bb99c5c52c4b89f9878a514f0179e9aa8949ac7eee80932ca96c6e87c23","6"
"a0036f749f20b863fcbdb0ea4ab5dd0e77daceb8ff64b507d983da0030eabb8c","6"
"a0077810e44804600a22a51291e10682222c5d38d86884d9edffff70bf6cd2ed","6"
"a005b33e08c8bcd681dc4b42f8c05aaf9fc36c3c195b9ef4e12fa5eae41d473f","6"
"a0095ecb55c837ef570bfeb1c01009b514720c176e49dc5118968631e8cd842d","6"
"a006071fe19bda0a82c7dc4176c524d5a14a6d914b03dd59c282cc933ea62776","6"
"a0034c0913ac649e76f08815100278c2dce8eb80ee5b675c980fa771fb4f1523","6"
"a00bdce2acded6e7ad72fa54e90ff40b6b3356ad793495d6559c1b1d899727a7","6"
"a002e3c775086172dcb7ce7979e1928b55b86f2b0ab4e2802c9a207c85676792","5"
"a00e1f6d76b5ec0c956f1cd7723b403ab9142cfe01d59847d35663e18152a0ce","5"
"a006f8fce502f34fc037133d4bbf3c1f25e97309a0f7f7f5646806c493e9472b","5"
"a003a31c807601cbce245e3e46d510a94c954e2b2c1714b9ca3ca720d085bedf","5"
"a0000634f772f35160369b4de04661ee01a60635ac1c285f1c2f9dcb9fa79353","5"
"a00b2ebfce924639bd3e3e805be042a50397183622f8c52aafa658e20c62aa27","5"
"a00fb83bfcd322415f8d9749702d97de7b5cc7c781f15220dbf1b7ee4646c832","5"
"a0011653488710cd0cdaae2717064219bfb5b10588fbef41a90ab2b4e3631a3d","5"
"a00145a7b80408029bc69b61731578af28edccbf054a8d587cf14b454d05bae6","5"
"a00c4e5be85b10f321699e0f1ed7e5932c9f527746614cba682efe183695e590","5"
"a0057450412169694587054f7ae391a0bb5e56c9a3e397d3d18f9feaa58e69cd","5"
"a001d3acd07cbbd0c17a7940eb8232cdf5542e724f6b6e46d9f31ed324e5cf39","5"
"a00205a40910a51e8ef9e696f01bcdbd6b8ba702608385231853d378539c377b","5"
"a0027ffb3fba016a89307189ca8edd669e2e706ab65072e6f8e372df5310b135","5"
"a00d8164fdac3d656f6966718fc3f19783037943a1f9d0737c0eb1f00d194de8","5"
"a002bdc63714e9dab78b86f01737e4695fa2a426c0dccae1d4d90ad0853ee850","5"
"a00e2c4d5f9c7fb5fb3737cdc46e11e71d4bbbceac080795300bc1590060f3c6","5"
"a00efa878a519bd5374c70adf38ddf58e9ab837042bcb2e3b1ef83d32d73996c","5"
"a004552681f6e3777209cf482b0d784c24871354685f40ecb871355ba848293c","5"
"a0079b0e6b1d95dac8660ca4f4cb0d5ffa5ad090302e17837eeccdc12e3e8762","5"
"a0082d6c4aabb8a343b960bf82f06c69d7b0fb41857b3586821564761a1f1b02","5"
"a00d1c86ddf44909ccaf0f93b1348acd25b290783c0a364daca610b0a965ec50","5"
"a00667d665419e2e35c0c2af3296ae9f194a80552a9731566d95c99c43000b97","5"
"a0009141c2e12d98ea9bb0624322ed6948ead2f41f7be6084d022261f1cb1c6b","5"
"a00499bfb1ae86ff9d3b7d0893347d28f95f3937a21ee5454be1c6cf98864c6b","5"
"a00d307e296171d003c2f08d2384e1628ef6c0030c415270552aac9543dee58b","5"
"a00a4baf213ed49aa445bd978a03750b50774c25962e1dcb9cf746aeccb5954d","5"
"a006f7f07908c8447caf53b07a58827f3e5314bb65ea51ff0e950ef6e638a0c7","5"
"a00ef107ae0644b551f0c398fb2628763a4072c547d6abf9ab7d0197c26c7229","5"
"a0078adaeaa7ed5b14c78bf4f43cbe70376c72f726cb948deab0334199eecaa8","5"
"a000e42ac861b181b5f09beddeedd712fae91b986e678eaa1f3e9528a8ec65eb","5"
"a004d5fa8e4a5e66fb3240d1224cc00cae4477bbd295e842b59cf49fb4dd3e89","5"
"a004f4f6b43a39c30c9c51e2a45c6c4485b58712972ccb9598c88948b628dfe1","5"
"a009462fd230155e4ae3445e7730021ea1ff47bdb20e518db3d8d6b3eef8f252","5"
"a00e294cca66dae3fde0270e97ca6c082702bddc7629a975ac3f54fd1017bc7c","5"
"a00ea22aada2c52f4c414b4e59a9b5a0b45f8c823f559f22fbc7d7b02dbb83f4","5"
"a00af312e4f24f85b5dc168388f13ce8b189f4e4657ce06c6e45334da64da732","5"
"a00ecff2dfad656e8f780bf89100b456a7fbe8599b6a4efc7cd98b80a0b10c1b","5"
"a005511cbe96b64c9fbca30ed4c6ceab86ca90cca87638daacea554392ba1adc","5"
"a009590dfffd80c2aeb0832498eb0a9cedf5d8379c8b4f7ebc28a3007e914aaa","5"
"a00a5e5078f02b7c538b941b881250f7a1d0ee5396bf7e95888e7795a5b6d99c","5"
"a00b22eb9f86c26ba6746d1558473c44e23483296eae51670941616e63a7c231","5"
"a00f08fd413bf971d5bd9f2ddd1cf582ddb3e0592438a4d407358091162e9978","5"
"a00fd4c7879fa3608de2a2ca9dcfb6b20100aeb0bb16e5bce7f8b874f99cd618","5"
"a00c9832b36a802f363d46a5f9d22edcda37f1e0c44e54056e7b5dee7a1275b2","5"
"a00cc93c408115b60081bbfc53d74d7095a63d0f0f6e863a95201499de88be98","5"
"a00d2e87553da3816ac65f949116481c3c23e93d9e272d4984f8d8a038583a29","5"
"a00d60bbac5868f5c98923d28ea8dc083c6fc0057442198de7e08de49beea527","5"
"a00d9b13b0b04e163f6d2520eb064a8946c80256ebf3531be895514a23c0df2c","5"
"a00a8bf99cbe3d8460907035653d7101a05267387402a11ab7a3cb641d280980","5"
"a00eb7a2a64960cc670a9232f4c89df3cdb52c47481bc658e8af06a9aef11b1d","5"
"a000953b89cee0a46ba74997401b77fbdd8dd91e26c628980812055a4472a646","5"
"a005715d5db2fecbccf9eff07e4c28f4994230f08388c635425bc6059b09a685","5"
"a009b7508adf10f44b0063727bce70f6ba8b7f42cb16cf5bfb448bc9bc56a7a0","5"
"a00329ed0b24dda9ea0ab1f2f26db4add2e496674bcc6bf0e6612836dd5a3c4e","5"
"a00aed323c23e8aef7bcbec8e0e4e3776d0eb68a72988e4623a7b82f36e9eba0","5"
"a00ef57f35242330db2ce76c3faf3be4f27b09e5f797c25d249e65d7a890fe49","5"
"a0004e4b0cdd06d09f91e68d8a8a5a5a3be954b8e76f8186593cef80f0b0075f","5"
"a00f1ffdbd381120f06d41457dd4a123c11ae4e13df92044322132d47faae153","5"
"a00f82eada01de8ac8a38d7a4932c4d91cc58f1c0fefe6a9202b53c370b0daee","5"
"a005826cb055f340319a14243e2b716611da5c0a7b3b140e9b26a078f91b021d","5"
"a0020af35a5ee21ee554aed2569de8eb90543251bd2eede1f3b662efe2c7fc19","5"
"a005d5ccbb8f122b567af297e03943869db4844567df945b1851bdc9e0e9d3d1","5"
"a00281ad796a9e3340323185910c25bf5a06e786506071240a49f60f17c4dd34","5"
"a002d5d6ce427111df1df7351f5911af421751c131130e7f0b6b402eff5662ad","5"
"a00a5882ba7ac4ef961fc215b66b750d00cce025872f03606edbd385836fd93f","5"
"a0071c9b4f62ce20fc3292a12612973890162dbdd0fd57aeaa9a6a9f69a1d370","5"
"a003cd2d9fb688003a422ec7d1e170db32875dcab794a1398ecbf7095d564fbc","5"
"a00782654b92a15b934d05f4e3cd28a4ce88d25cff48561b04c1bacc776b1f60","5"
"a0005c98f484ab9e8e7ad2231d9e86dca5e08632a78e32436275e4d6173c3c42","5"
"a000886a7a51df8c230faa6fc76b2e43a82553e01df406947dc78746c804246c","5"
"a00f9052856c6299dcbd2d271b7e941b1fe55695cb8cd734d9ac2bf137faf588","5"
"a0012f88348be0bbe269377038a3536b566acd7e3bbe68021084b0fb3f8fb031","5"
"a00c35d24b2c30680455a6137b87624fb37c4db89d8d3f86547594e381f4e745","5"
"a008a6289350b8c7d70d3e5237749f3d989a1057d6e43800f735b365327771ba","5"
"a00c5c23795e254ec4209653dff366ea5182bf41bf0134c7b68922ecc95becaf","5"
"a001813f88f5efdf301bdf0b43b89917eaf177250017ab5e2543458d8eb334b5","5"
"a00d9b0563b33b0ba6eb0731e7f1a914cc1e411cbd7b4686f56b7e50f55f6b22","5"
"a0069be9c0142692284aabdea80987927d581f0c691b48603a99dddc1628baa1","5"
"a0072bedf7ffbe2d9bf0ba868bf38d514ae357abab8b28f316d90cfdbcdb9d34","5"
"a00b09b3cede65fc71421ce0bbed29b8188f6be76e15c8ec281c06608844f8fb","5"
"a0078830fce81fb7b3b31263f60e578425d3c965c70d686c4b3ff065658ddce5","5"
"a007e57f5c0f95d311d4b511f3dc3bc04e38b4a17c9b06b9dd6776be14c7a60b","5"
"a00f6ccef294f373c7f3c3b5354aecd80c46bc6251ba49ac11af4a0615833b23","5"
"a00232b45f0b3a2ab1a300ac974f61888a613c21caec2c6f685b3986578f3040","5"
"a002eadbb0b62442d71d8d6b0fd7eccbc1a6559dfbf2035a7cce550c968bde0e","5"
"a00ac3de7e31249427d58de04018ac18f3a8c9db209059cc3c5afc028aba8cc3","5"
"a00ecb0350674e8b517c9c1b56a44c11feae271b6e563c1fb1c52c7bffac485d","5"
"a0000d6982e50cfd2a2315410b2892e11b72b8f4cc490d05c51e9d904271a229","5"
"a0007e7cea201a9edfdca59a45bbcbc7d29a3ac8e41ad902704695f502eeaf92","5"
"a00121de15e436cdb9cb99d2ff0d7f6bdf10979573fd1c941dd13bbc0537a8e7","5"
"a004f847b2e487b344df29ae8c2bda514eda12ecceac16c20460ec53791bcd57","5"
"a008c331791b39442eb787ca2d18f17816b70742c1aa17739dd920ccc2cfc8fd","5"
"a00389009c673a13193ffe7be617114e4050e5cf01e9fd25f76a5802016e4156","5"
"a0071a6271085ed03a630243de8ab3968dd3fd6ff6dcfa68c2cbc1661423c581","5"
"a003b8043b3a6c64c941bad14e1ffbb0e880c8a5311a692628f679643fcc611b","5"
"a00b3d09a2cfed1101d842d3d06ff7c8a76ec34ddb1338639379bd0aa78aad3d","5"
"a0079ea98321e8680a8aeb6b0d61d030f3bf9f053f2b4594a89c7d048eded3a8","5"
"a0089d89adb70df484265c8cff0c5a2f9c8192ca8d7cc05a252d7a1f7e9ddcf8","5"
"a00d27afd82c87d109c12176232ff8ed904a2c35d8e064be68573e08114b1326","5"
"a00293859e3e3a6033dfa6e17767a4729fd3b3364c74097f18e42567d7a70728","5"
"a0073736060ab7ef84b011f3c51c182e6bc7a2f9f99988437057fbd92c514e1f","5"
"a00b07e99adb1320f852f525131f13db6827c7e71ea6d768f705e851845aec5e","5"
"a00fdaa3ea955bf5f4be8aa9e2c409141b545d9f96ec0e9add967bcc6b41e9e7","5"
"a00511739b0bdab2affb2bad9b30a2e19f8bf4236d94bc3f0944c7db42a547ea","5"
"a005409f3e51656a77f62e20cff7f00c76463d21408dd34cabb164c5d2385307","5"
"a008e9bc6473e080d33e1e8adf84efe59e4db26ca4e773cc55c0d1885d84e9f3","5"
"a009783ad9f51ad181578682a0bb02111a58480bcb648600a2c612c3a8fd2265","5"
"a00d3559fca83b4e6ef25a50ce1a43757ac8fbf4800fc1ade4523b9ef41162f1","5"
"a002750e534a302fe6107ae8a079fbf22c85b07d70ba97980c82a2a17b68b8a1","5"
"a00a177e98be66b465f8962a5262e457183d5febee84713de35dc5cdf26437b6","5"
"a002ead290516f20bafbf0130700530d514d2f86f02fdd7bd9544b6df36589d7","5"
"a00a74c25edaf9f662a37a05627847c8f2a4671171c799f92cd3132e669de8b1","5"
"a003e0a61d6d50680e41b4e924c0cba99a12419ca0e7298da6c981f2397e6742","5"
"a00ec0ee1b49c81394134fd713199168c312e5131d9ff9124311336e0594aa84","5"
"a00f1cbcee0af3a8a72ca6bfb8d43a6642de353585abb84b606af846fbd646ef","5"
"a007f7138f3f5047d6a2da50895127018b7eea1edf67cd444d5bb88f0d68a629","5"
"a00c8297e711a28d54a0b26768b7a7265dd1a3924ea1fc3c73b2c652f18fac7d","5"
"a0090fa26f76ad226ed6bdf1a46b3d8c7ef25a108dbb68b189b474e186a5d4b7","5"
"a005a5ec56dfd99f53b72f04ea6f414b516ccfb4d605d0ef043cb60b59b09c18","5"
"a00d8658ae216e3a89d652c57d5a51429bfc8f478b5ab9f2fc5b5a4910e4ff89","5"
"a0067c29104dde74f6c897e541ff45104da18896af18f72fa59f7478e16d0048","5"
"a00a9d47989d11c4e8715a2a4e59ec42d17d0cce3ab62a963fca7330614811fe","5"
"a00e6c1d12e4c639d82b852925ccae66239b1185d8452bf5084e4d08b54087c9","5"
"a004553f8b1b3c1dee9c58cc4565aeb3e0591a37ddbded6e9d1f1169b4722833","5"
"a008082f5f5af17f1635b9000df888161c6c5593578163eca0f8c57968a453eb","5"
"a00f8ced63c832a7bf6bc5e4669e6b9f0f1725b41df6224c526ae373053de437","5"
"a00c2bb910dea585dc603412145f58099e75ea664e742eb6b1329e1bf8646b31","5"
"a00c949522ae2c8d49b6a1d4b8a14e3538f763448e694f073aa6f81cf87c2715","5"
"a00d5a64e0e281053b0147a599e8c1fc0330fbef4934c94afc8e4a5105d6b118","5"
"a0063f7808cdeac9dba9274c58a6fd70bb70ebd478f687b2e512163de78813fb","5"
"a00d92398c96a7c31ed2c202259baf94324ef5994067dcedd5a4ce1ee1015456","5"
"a002dafd71a21763509624e9dd99fe752531b6b1b6f2db39391b34b87bad6634","5"
"a00689e08aced09e01f4cf4c386b0b6decfcdc61ee9e5e5b738df60960bf6e90","5"
"a00e8dee49fd45f83fb70970aec955e1754c8ab97693e1003e2600b7490e7100","5"
"a003d1f37d96db2df60f1c9561978f87f14d10fbeeedee490b6944780a83889b","5"
"a00136363bad8e96940e12b8809a008a27d7d3d49f549f604c4cb7a3e8334e1b","5"
"a008638400cc7f8dafc8450f63deded9028c80f811c029d2a5f2f13dee626598","5"
"a00169d240039d63448fa40296c03fafce52de58d9ac25ba3f672771370fbfff","5"
"a00594a908fbe12f4b6caf8c347f5ff6b2d07654faeaaf6a66119f6e29459f13","5"
"a0064e6bb41e7ecd4091a4d66e4aeecb7d4b7b8b71373dfd7ae2eaf70a68870f","4"
"a00046474d2c2a274bf6a6b47ea2e66d17125a2f2d79ea267036001c5acdfd77","4"
"a0037d26edbdbfcb9872fe5d4e4c4c7689dfee899d7c1075586714a3f5b0c57a","4"
"a00b64b967b894963eca51ba5bd9f4c9d2a395b44c40eeb655d7e546b7b2840c","4"
"a009a520f6fda57dfe571db1b531c01c916e6037da252a83c98216e1122c5c43","4"
"a003ffb6fa2fde3e2d3ed06ca5b529702a25c57488bf98c5134398b797465e12","4"
"a0023d6622372ed960a64eb8ecb585020de0705daa4462b45301bd86ac3b18fc","4"
"a00f20c35c35eafb50de9883e4d27ccd2a4f56f4a549a11fda4e67b01fde6aa9","4"
"a00c54ef337a480e367f4388e11d62a3716507564df6552f4cf2530964ad8600","4"
"a00f4dc9760ba18d9511d22171c0d769b45b7775c46ed4e16a8c2c6b675f3c45","4"
"a003efa5d20509599fa4d20fd62c6c6a4448e86f1b899e0a648e0fe33813c98b","4"
"a004e9dc399c9ceeec64bac1acc677c535fab2ac0a1af0f0b99ffa8331e9ea29","4"
"a00cf656c7237767a00b1bfc00734ec5512364e0fc3a4ff9588f5b3d857d1e2d","4"
"a00abba866a6c65af32c98847c87e799b3e8292278aeffebb2f921842bac11ee","4"
"a0093c30f633fb054bdc0b573b1779ce453d271ee3f8f4de65cfab79eb7150e1","4"
"a006778c12189d2916b025d0046ddef2e270b49c7f50f60e63f7bc54945bb877","4"
"a0024dc8aa42a1746138c8e498eaeb1f2ecaad180e43e7b2cd5157532c825ceb","4"
"a00e6c7fe2553af0ce8447feb73b9a4115f7dd772988d4d6750d6cbe3835815a","4"
"a00f8fcac12da92211d97c5d8bed7beeab21419475b0c1a113f6584a211c2791","4"
"a00c9503ccd78de1119bcc6100712f63d3f692d930682922ea7d96d79e80997a","4"
"a00230e88f8a3a92c48da8e776a6c739ed1c4b8ec984e5615ac2d6b060283792","4"
"a00da5c5db640085950e0681f455449efd7e11f719782b4f6e7a65f4bb83f66a","4"
"a00ef35a90f069ae0fe11689780fae8d005f8abacc23164ede08d9124424c321","4"
"a00bbde65e57fdfe0e05c626530343bfbb8c770d3a553e7cb613d925eb52f15f","4"
"a00c21e3b681b60465c7edbcfa1350f9f2c27b0b128b0bc27a906fc2185dc027","4"
"a00eadd3573c8b399bb4eb9ea13d0928cfaa48a13709a0010a0d79d17f7d1c8d","4"
"a00b0f4d8ebaa6c70d24a55c2e627f624a56cef3751c1cfe52fac864fcbbe06a","3"
"a0094842c251af2149aa17698086b5eca2d1205f982db1d07a4d7295b4b0fc5c","3"
"a00dbd1913a19fa3a4dede3ab9faca5cfc0a7a45225d5f47332ad9bba77e1575","3"
"a003b55f505c21aaa0e8b0c752747b731e2dbe2520d37ddf01cdb4568b56c475","3"
"a00f23e94e32604d35276bac007c57f10d0dc52272bcaf6f570da51d031d4ee0","3"
"a0060541d55a0b7cf656f04839233d45e81f56b91ad702f48d00c2a578f0da03","3"
"a0063b5008fa8cf400b277bea419abd662322d31fc874d8d06ad3ef71b64f608","3"
"a006b2a63d7c6844850837b6a828f638fb3bbb718b6ecf1e48b06727f2ab224b","3"
"a00e865b85c0ab3d734bce30e607b83e1e2a3a2cc5040c9ad2949914f0533626","3"
"a00f0b93153f9c81c53fe7c61fb69c9c4eb06d51543183b846bbe69a878c9d19","3"
"a00b7581056011d9cd8f616e21d7e700f76b4339eb9d83cbb6e27d93d2ae2450","3"
"a00f67ab21be8ac78c5681ad5bfcf7249b2e373ccc8d70eace8c1628f33987c3","3"
"a005946988ea456e99faecd23871a24a22530052d34658a31819f3eb2afe534d","3"
"a0026c4f50539d478dc97a74e2b5d3217f92b30169d525f968188b8a52afe0e9","3"
"a00f1907e8a9738c67b568701b2c9f7f8fcc194455e1f954b30f5431ae2c5773","3"
"a00f50f013e76a58c06cb0609a8905f335053937b645d403216416054e8f8807","3"
"a001d0f506240dc4d5b1f26c953292b8ce6962c7aafa8dd4e83e03e949986b15","3"
"a0065160e80d339a8dcacceb10ca129b5e6a29644d241c9bd5274cd56aa0a4f1","3"
"a00a956d45dad41f2e25ba89f7ee85b5ee844f71928ef7fc9b11e33fcf9b5ab5","3"
"a00b38a940d05c5bce0c7b7c7ea9454a2fa6964b8061d77a8b6b15ae8342bc90","3"
"a00081fe3b1c1bf756adaf9d8471d4c0f79dd919f3ce9fc07bbc7f89fcbe4f53","3"
"a00d9074a0cdbcca91afc72acafa5d3062286e16acf6363def6cb623044b7b29","3"
"a00e84a6a537a7aa3f9b07d40b4d3d7df5b8544db48afc02bd2678b8c25eb685","3"
"a00b0018bddcca70a94458bcbb728164597d782b707c2068fac36f4fcef9eaf8","3"
"a00497a23c87c99f5fd3fbf9fb6691c3f0416ac7b791c576d4f2bc69ed6124fe","3"
"a00862212438cb8038f773dc66393f3412a47847a62fcabeaa2f83f994b01211","3"
"ae00244c1df26d15211bfe6cd94fc2bff46f09cef2d780538dc7323938708502","3"
"a00156cc838de37554a7b8e111d6b02c0cbeeb59d68e8520d90680d210f23e17","3"
"a009369c00f8b705734552e7f39fdfd06b0024c4e3efc08506df40a87e39972a","3"
"a002aff5bd2214656a500d36c89d3d8013389b446bdefd838101d20bae85d1ee","3"
"a00a66f9176bfe37b900c4bdfc42215e2e7d7d887b7bcd55a4030f17e63910a1","3"
"a00353f7463b4f003f94904a00d36c1fcb9c0d952bbccdcc352c1bcdc89945f7","3"
"a00071cb5c67fe7e0037e78c9c79db2b23b77208ee54def30be6d1c1b66af0e2","3"
"a00369b2a1609f4a50f596c5012aaa7bda79bb1b1861b28263a564302119b8c4","3"
"a00f5a2fc57550f106dc562342e716c97b7194431a17b2ce36cf04774592054e","3"
"a0033b1873a419307daaf48991ab502d8f101d688a08c290cee3df52b44941cd","3"
"a0038a07846949ad464418092ca1358b0a8b5edc5f7f7b10610e18398934f380","3"
"a0080c5ce875562d94892732f40331165514f4f3825859bb4b24ce2baacce641","3"
"a00508578c57e931f2344de49e1ef6e00602f5d53625f5d2f76eb58d2ea728e6","3"
"a00997c8c362f6415e1b9b0cf1d2924172cda1b464df8b88df56f413c6db5745","3"
"a004ca34888b6cedf4f85a6ef184c1e176fb267e5b5462b1aa2ff3551827673f","3"
"a005f24dee24c8f09744d62edf504689a943b94b7c00ae6f94f2fba3d668313b","3"
"a0047f3699afc5a46c1f8ef16391e72186a4fe68e36494163a65ee269c1991d5","3"
"a0009c3e79606caa079082adf83c9b45f8fd03b6941f91329f254f2c984a32b9","3"
"a00edc48aea01f153b069f93dc281dc132f129fba255cfa6da60aec0b22d3861","3"
"a00f6011111b21cc0d56ca93acc0e6f0caeb051ca6fc30dc324f6d7698ef5ff8","3"
"a004bfa0a524a4dd9f1e32200f64c482d4ef13a838a21ff90ae84d2ed8db9a97","3"
"a0085de2040fb76c2008951b0f1b44b95155ddea5745b1cb6882c3aed140fae3","3"
"a0086b27fdf0c875c1f36f166e3aa611cac7501a603642d64df115a1f0629d68","3"
"a00d6b3c60d5cbcc759d699d606950a6fd9926d133053717ff1f736f8aaabe26","3"
"a00d7779287e5eb982320b04e001ade09606611511b0dfac0c126447803618e9","3"
"a00e1fa13520138a2389a7bf997b444fa83524d5b3c12f04faeb2930cb2a1121","3"
"a007454d3dfaab6dbe72a0757c79887c5b4b8ff8283b81089063ddf82845f838","3"
"a002cd85466262de79af7217904de9cf05135a6814d7a8b047df56fac48e0d52","3"
"a0017e715e2baa7ee04b02b0ece2b12264240dd83d296e9266d6429b9193eac2","3"
"a00a3bffe2fbd39f84a09a8ac641f70a018994bac7483f2a6099eb67d1242e06","3"
"a00374054d6c381c39ab6ae39a6f1bfccc8a155da52982ffbf4a9e30cb436379","3"
"a00aaba6264ee12610ca03bb41a9f41346e8d55d889c8878af28e79833ca9ef1","3"
"a007372cd975ff164d027dd468535d5d25f0e6fd368a1b9927fd140f5f98578c","3"
"a004f003aaf89a5d1184353cd40e3d86d1a5e497876535469f79bc8c39e6a75a","3"
"a00568f00c52a769443e68542cad36d2299a94ebc903997215bbe7b074c957af","3"
"a00de6e0479b6a7b516fffed17ced0d0d33ad9285aaf9d2eef04e154ce54b8e6","2"
"a00379179358334f52e5e80e8a824c60ab08fb6370d67d9ec8a8964e04324725","2"
"a00ebc906aabdc5b976e4f720780561cbe2100257e31af3d1de7ed17ce408407","2"
"a00ef1780c5d66b6887e6aae5745084f7801f472e3df5129c1b3e6b0d045be58","2"
"a00099d5ebf69b041b56a69a2c60d22df605fe019c5bbce1cc53684c29f7da46","2"
"a00bbbda5e46bdd437e80b2ca5c598d384cf7415d08feaa6af702db20c51086a","2"
"a0084e7af3d4889d09e7df422b15cdbef7962f0631fc31170cabf29c92458ac3","2"
"a0088ba9b1fbb91a4c0ea8cd9a487cf55accc775c0b017b7f6792b8a166be3a0","2"
"a008bbf95e1ec46430d7c81e88ac33673da3883561866a6ec57feeabf0792fe3","2"
"a00988d545274bfcc18b55a5bfa691ee6b91b1a44b7bb436240162d5e9b91b28","2"
"a00df962ddbd3d0558152e553579442ad9df35190654a40ffb2423486fbd2127","2"
"a005051b5f79271fca95f83ce3ce35a0e3a011f6c8351586e95dd881e8b4bb42","2"
"a00ffad134b900ed6c602222336fac6fd8570f7fb4b0858c728f132dffcd8bb5","2"
"a005dcdea78fb5ceced48181dd97461d98d3b8a3dbf7251464ac735f574dd483","2"
"a00308ebfb531c53ffe329fd109b5e3c63df47e5ad64fb4d1a6bab852689f0a6","2"
"a00e374213d43a1e5ae59dd70d5ef82afd4a79a777a6da850733ca80d94a857e","2"
"a00e7520852b24e46e176b2e5d5a21915468b87a4d7cb3404e96340c3f14fc31","2"
"a0038f10e54c3dca4e4ad1d100bc37c5b9259d7a75b561b8a16413130195800d","2"
"a00728a09f60b87016018bc64692c43397b23db11249a7faec75544ce123413a","2"
"a003f4125c8b012b72e4c581f38060e895906a3c5e8f791ab86f8d0e29082ada","2"
"a007a7cafced8745c7bf8a070138178cdd4df7e0ad68b08a853a55a7dbf6cd05","2"
"a004c2db5f8e52329c40e6e89849ef1a7ab7f7322188eb5d79294126c189aecb","2"
"a004eff37fd7e691436283662cfb2670de2cdc535dfe8fe7dc92c96d544e8ac4","2"
"a008ab259f679e2887e68a72f5864ca1925f595151b9be1f11100cd112107e04","2"
"a001bdd5d0b18c53e6acaad3e60bd6dcd415f7a4243a0cc81676c6060c5c88b7","2"
"a0093716828149181c76767b21a4ada317cb3db630d38eed0550ed8340622e34","2"
"a005eb3a0888ee7b4463229a57b02f161463006ca5290fa7658c83418670a51c","2"
"a00d63765b063e7d63b3eadd2efb1746145638c55e0a30309ce7902583ea0d91","2"
"a0031c28a753c8657d90548ea3608d67af28a03177ad1cf07e009965951e7b3f","2"
"a00a6d48e7e18f8ee6b5a503905483e6c0bbe25699686992948898b112e53e64","2"
"a00e1a1b462728dd1f5ef6464376ce160abaeb01b7d0ff48ee0433de6e689588","2"
"a003790d065f6a4f6c443f064d7a46c94be605ecebc8d2cd3d76a63fe40ffff3","2"
"a003a087c62deadb67c865330cff76a619b203bcd09406abac7f869e2bb9a638","2"
"a00aea6ef2d0b25d1a3a99dc872560848f45ebaa06b4b12c00406cb4a1bd3864","2"
"a003dc61238d9adeb24dfdbca088cfbbaa5ac0064895261b64ebccb19e0211db","2"
"a0073dca3d031fe0c40c67b11acac2b93c500090d298a240e05a3d08191660a6","2"
"a0075ead364cf61b873d74529eecc842d40ab216e2dffd9d408ee7b0d219f42e","2"
"a00071cf2e919c6b65a58862bd5e68d44befbc3f3747146cd67dfc21f7bffc67","2"
"a007bdaa8ed255a1cc13b833cac96bed294ee9be207b074f710fb1a236793e57","2"
"a00fe53e099adbe194903005dd5d8286e305637255b1f6e2b04940df2a962091","2"
"a00195f743ae94e4ea319b21e54028265be1b5626aa0e90ec96cda1a0896c51e","2"
"a0020114133d75d57cd4c01563001a9f36afc61c0a5046bb725749d792b0334c","2"
"a00278f124e10edc71e0c7793b4e7ee2f065bd032aad582984676f453c2a09b5","2"
"a006177ae9a72197d5844ed3ac70109a1bbb7e2793b3ce50b88a94ab1ba1a62b","2"
"a002f31b5ea696d14dbbdf6a3502316167fbff3bfbc4706fdd770d78fc93442f","2"
"a00a53b82b5e492b273cc1dbf316fd5fbc74c737416a58d0bfb6565ca4284e7c","2"
"a00794fe05d3ec559cefbf61687aa0a7a701ec7619d83c859e1ba1a9aa33a3bf","2"
"a00b643a83816880781a9211ab5c9385f1cf856995c162bcf86ea5d309ee043b","2"
"a00485c21f9ca9a85bf2528083cbcd481b4d5980abb5f4b9aeec76e637a31eb1","2"
"a00129dcdab28a97e03edb565b14c352878d39d00f0e61e3b892b3fc78805982","2"
"a00895aafa902a23213db2080f218cfd7896d115925545b1af826c368ab6bb5e","2"
"a00ce62d7541b6199af9be1ab11ef9e7d14c9410f29efc63ab4380f63d7e2a97","2"
"a00991ede5e01cd4e9a9c58d1c9e90de5b636fa4be3a193785b99fb48ab0a735","2"
"a00d161c3b1939e7483bfd24b7b3bd6a7b2353ee7bc4206b69335a7ea4927e37","2"
"a009f2b40d33271a124f3f4635c605a41ee7990a311cf070baba1b5917ae6ce9","2"
"a00dc9f7e634a2a59413bd6e6ac4a485553e1ed4e866ea0d675385945fc0a30c","2"
"a0038a3f9cd78dbc9240aa2637fc568b724c4b510d37e075a06cc1a4a303c6eb","2"
"a00edde2e2a522d6340ea863576740036286103c17e6e5d51aa8bc7946562b92","2"
"a00784657c09f3e15f8e82c7e8cd864dfd3272e0e77e75766b2eba6b2fc5d1e3","2"
"a007a56cb871b715d0efbceb274605f3e48278b7008c66fa4fc1806a89233c1f","2"
"a00f61f2cde01fa90da6f0696eaa95f2b4a8a77e3c999d8a25417dacbb49520b","2"
"a00bad538d9b17b57b92db72417047cc48cf9033ad71c9ffb8a5f583e3eac9c4","2"
"a00810afc48ba3dd2f0e3396e398d042b4861b952b5b0fbb82a8596c0c84e83a","2"
"a0010c0da4983cadaf237d6aab9a5903d02cd6066eeb6582ccbb243e4e2479bc","2"
"a00c02c1be75447796585a8d6720ba99b335319f321cf8a3d8ecfed214f09752","2"
"a00132d56510e474ea20f8a7a6ac9cf1a9c646e30e745d07f6714cb66d83c8ef","2"
"a0053e2379329c636197533c7b579ec302fd6d1feaa7183ab493786a8a0115a8","2"
"a009a080c6f0eeca5483567ad62014ef8cf7cfc6b58d35efe81059bf505dff07","2"
"a0064bf66569978db5afa5d2641acc91c1b2b220f578d6de4433d1b190cc642e","2"
"a0066f850c05a2ce99989d161f42de8b19adf3eb5853031eff0613eb30ba1059","2"
"a00e19bb09ec6e5743c1e19944930d34d7d9c268f4f9253a83ae727cac678d23","2"
"a006f4362e201fd370f9a1476379763b768f9dcc9dadbf47fd2bea4d7ed73cd6","2"
"a0073cd0abcdfb19005b631c6d40b050cc27211a90e795d1a7ae4f3a2d48e0a3","2"
"a00b0af735f3a7eb2abcb8f08ba56126adea5c182fc37a759a7c501729023568","2"
"a00b27c70accbc2d7db85b927c9bd08bb43a42687fc1e9d2ac0b683a00af592c","2"
"a007883dbe03e9b2168e9d8ac907bc0eba00fc5da11ee0d70686b54f94daea9e","2"
"a00111223bdde5c46c7744cf47390ceadccefcea92c552ed0136d80437e17b80","2"
"a0016e6c67c35f4ea9dc1986aedd13a057e0af8303000bdb059ab55e2c55f197","2"
"a009416335912f2eb11ee40a637e64fa3a527b4d0bd4ffe2bb44b0484a45b019","2"
"a005c9fa3098853ae00abb8a85cd8d596f5db96091296026751ca824943e8536","2"
"a00df7054fa9502821addd4faaaef9cb8d9c23efacc5150625e8666943fbbc98","2"
"a00a948a68dd092a36e26c0ae8a454bb82a424668c82df55af338c351d7fdef5","2"
"a00e4d108ffdc2bb41ffb91ceff1e6baa5f05b0e317aca5fe4397c75d302fdd9","2"
"a00ac65b5598af8071da98f48580ad2dc88f6c255ff5335751bcd9f383460349","2"
"a0074e82dbb59134f3516f77478037f7b0abb54afb2125712a32caca09c65677","2"
"a00b15f574c4c7cec1ad9d3f6beb79e32bd077a15c0db5cb70a99192f49f1bcb","2"
"a0000db37a887acaea3fe565373a517bcff3fbb7ffc1df70d5567da088df088f","2"
"a0009c899911ee52be743a9b925828df36421add1ae88009bade0c333b6746f9","2"
"a004b7a189849399b76809b9660b4b9035adf1f8615678056b022d430f2256be","2"
"a0082a64eb7d2ee0439d06ba58e76a3d0d26390645df096b40c4fbae9b9fe3e4","2"
"a0085518d07c848c2b55d066001ea91ecc7b1d3aab471b648ea6e37b97f0e0c0","2"
"a00c26536f73f0add51dddd5ef3220bb1842b2783e8ba1c4dd4a2da172b1727a","2"
"a001a41f48abfa02db5850715109c6b9d1670814375152e258aa11def9820e9f","2"
"a005aa273c77c67a32e726ccec776ed1f80fb8f02486503da6c65d077f02c9ca","2"
"a00956478a5ab8428d205cefd3c488dc6f78c70399e5e9ff43765bb3d270bcb0","2"
"a0098f2d61a633cb0472d9b1c7f369d9079bad5bc6bba94f5501cd36719dbd2a","2"
"a00d528a4a689784639dcf0b86ed812fadce01129674b4512463e6d26d4bc5b8","2"
"a00d89a99a88c20a7ad0926015c10afba526f4115b9ce66d9608c38e0d25f793","2"
"a0066082be46664cfaa7247123447b53067cc36043fffc1ab7f1cc76d7d11983","2"
"a00a7bae42af49fd3a7b36415883edb35d26942325a83e5154a88d143e6ae091","2"
"a00aa6d9a746ddc6c95f0c6a7520f353f994226c5e2a06a339b9b1f31f4ba3f2","2"
"a00adccbb3d1f4af5a4e25786aa7a9235c9594a0792244de10bb81142d2a480e","2"
"a0041576f978ef6e481f64bed49e427eae526cf5ace621045ebbb4e2990d7fe6","2"
"a007a12712fd82b62116e4405c7af48cc6a11b95e751a8d34253c7906496ce8c","2"
"a00f618aca2a85c95b5c620b251861ae721415980f6ba564927d6b29ff70941f","2"
"a00baa327ba3ca7dff1518401ff82aa6e5b7b86d145ffb0af2da37b043401a64","2"
"a000aac8f275f32bb786af6caec7cb4b197a42b745027c9ea5e5a48e77e4f184","2"
"a00bd710d58f52f424add22d4002c21a56644f99eebfa21b7a29628f6948a6ed","2"
"a00fd394093c5fe3f2681da858bfdcb6eb68d8046ed139805ada4792d273194c","2"
"a00c003f563c055b72b72aaa167859a5719eb28311502a700d930e3fd751fc05","2"
"a0085e77c56beb61912270349e52fff625b282b8e7f1cc800e5b9be8914f5772","2"
"a008d369fd7ce6e64284510c70acd056067769c1471622a603b5af9d10b5a643","2"
"a00d2a29f46c55ef6dcc0a22a9645b0caf4c6efa68ccb0fd98f83d2383c362d5","2"
"a00261c6e4ae7bdde6105b2611d1c0c6d0e7bfeb574a0bd695b912ea26fddd7f","2"
"a00a103f7d682a219d49440255fa0f190586e08ce1a13492eb2aaa829ffa20b6","2"
"a00a45ad2edf4bbcb242e574f67e42c8dc5ad2ad170c49a562eff8a0177bd452","2"
"a00a669137f256e40bef499c24479b33af8094aa7790437fbd12d6a64c9d101a","2"
"a006ba4d0d1760bf45eb87cbec347206fcec92ea5bb94cd2b923c7643fc38d66","2"
"a00a85b34d9fde9e7bbdb89959e92d6b01259a5bb19eb14b4ffe5d154e26dfb5","2"
"a00e3da26c7d343a47f49db3c39a8a331bc95366d92bcb0c28a9928b8f5e381a","2"
"a006f0fee31ebb3231739af34f68b7ad8d9103dc49c3a27b6a7e48268784502d","2"
"a0073b8b83687d490f3bf2677b10529190acf5237faa6b6a2a665e754e47495f","2"
"a00eb5eed8c543b3e342dfc6e7341dda38a060d07659af7047f14ff88751992b","2"
"a003fdc416a5af3c7ecb15be727f161f985fa8ec45176bfad0d954e4e97f4552","2"
"a00425a3e2060969359065f4c7b0e248f3f7c3bf70c6b9fbaf5d1588700112df","2"
"a00f4b21ef87936729165df84ab8e3be43d9ffae14797b83074a8737db5344be","2"
"a000e0222455af46ee0e4b7b660062d309300459a7eb80a24c5745c3457e102e","2"
"a005178c312fbcdd0a83579e269483c5571f2ebc3f946140780bd1c1281c2825","2"
"a00870e7a6434c275fe27d784d2c6521efa7ebf6aa3fb96ad113bd7dd28ed5fd","2"
"a00c3e9b7d30e0c5ac4e34e3f0037b1dbd4e7608dd9780e6634126a022b76c9a","2"
"a008b94d1c264f4f3a802c0d5a69cf2726d1268dcfaf70eb6abb3fc0fd45d023","2"
"a0056cae041c94baeb6add81180c8bdca34da46d6819fea04708e7b845c6c4ba","2"
"a008ec8be5a0de7e14b3e91968de0f5d07b045f7bf8642d5a064f0601ecbe621","2"
"a0097ce7cb3185ebf85a066bec71a466e15f7ed1f10864f46aaeabe736322cdd","2"
"a00d08e12b21521541939eeb048cb0ba8ff2404a3fb9fdbc50f0d3c36b75d357","2"
"a00d3cc415f3d7f837ab1032aeedddf011eed24f48bb1a4aa60d39e049b25c94","2"
"a0027578363f90d50715829134be055d78467d927f4804428e1ec712b94290a5","2"
"a0060f22372d1bb64e59e776e12a9183f3c7720b88acf0eba2df9b203ee5a2d0","2"
"a009d21d5ad4a05285c75bbf3e7e4e4e4c5b41606fc4868cd019129153bc2aed","2"
"a002b9dec214116e3bd39f8c85a499b4789c7a926894b14ce5282a1faf29c803","2"
"a00a75517e47df4465d5694822381b31db3703431cabf64fd5a3e411057aac74","2"
"a00f1fd5797e043c88830ebbb5a069f35f0bbbaa90b8308cd0000adda9350cc8","2"
"a00b5cc67d7502aaab8cabc659aa48cdafdd4bdcf69b49c981e4c934831e8eb8","2"
"a007c4b445151a17c2f0a0e024d79b263811380b323e71e0fcff631437f2def3","2"
"a00854673e82f7f3472c861827ffd40fa0f3b76b619cfea7f5088a9b153d3aa5","2"
"a0014c623c7c3658f9806661dd612dc5486658da42637944c9c9d5923b960e16","2"
"a00c50c4e1c26d70530a61c0c264cf71512901cdf24fc256c37830b73784abff","2"
"a0091061be0fd9a01ad920e86a283dc5e4a276347927dd75a76eacb9704638d8","2"
"a00208b97bdff1a9f5c1a23812c1bf0ac4f5490302ed28aaae4146750ef46569","2"
"a0098a3aa61373292e0b0bbee08637f9a3248cb8cfc62743f2a8323f3c892565","2"
"a00d13cd748063bfff349cf1af614f4ae178382beda7212cc56e2a7a24f23b27","2"
"a00a2eda3b5a1e6cb33613ea24c6a42f7c6927a9873bfb642e348521c60eac35","2"
"a00300f6c797b760692d77d34ba215e74f89a5f7445e3fed96539e733f8236ce","2"
"a003ef304065139b391423a24b395288f67001d421996b40eb1a76deb4ed333c","2"
"a00effd11ec1c896fa12790217462aaa3cbedbfe6677e5d793d4e461fbe2cb3c","2"
"a004576ec46b14182f3f8ee07177b4fa55710a059f5d54c9c7632e7b46da4f02","2"
"a0080b36f87597734e248edf0af69d2011817c1d9ac1b5990bb15cea5a1be59c","2"
"a004e9bf68ab22629b42312b641f4a4e800be566834576684904e89f74bb638a","2"
"a00507a41252eade79b919959b272bd2a2ab051939a6f40597bfaac87e22f826","2"
"a0017eea01e2035ce8060a7eb17598017f29b9b2d73c5ebad2e0fe0e3c89ada8","2"
"a00554bb494edb3a3b858513b37f57d4de33ee9a1471dae7aff942d38a9173ac","2"
"a008d29d561fa48319f5c5f4483955248e332f92406d58e358e61ee7b8039ebb","2"
"a00591bf0f82f751cb7b49c702ad1ebad4f764e72c1036f6e029ed13a12aabcd","2"
"a0091ffeaeea5b028e62777913d65784c720e5d83a55feeb630966b79d339db7","2"
"a00cebd1967af64dd4c08d44bcbedaa3d059ca2ddb3807a82be44e4aed7df5a9","2"
"a009973e043035696fb5d00663af8474855681bcd9c712cd092f4533ef9fbfd3","2"
"a00644d659b061107f5417af8b994ae7543bbe1ea61488657e8704116d973a9e","2"
"a00a418910a679f7576e361d5edc7c11d29b5bc27d3ca053474d50a31539676e","2"
"a00dd81209158fbd45d49a71e2a391eec044a232287a2b58a9cd589094d7857e","2"
"a003500a1590e8e27cbcfb6ba9c2aafce4e30ffe6ba0baac730996d319fe6b13","2"
"a003924df154151b8cf2050d9602dec35e3ad6d831f9b5b242eda0aa44a37c0a","2"
"a007882ef8c621a95375b6e72fca11ef19d4a7750d9240f730d2d01b9ac2e4e3","2"
"a00f106a0a5885e97f508cfab96bb26f54de0a78f53d5a73481eea50bec80bb4","2"
"a0049eea13a251a60da99b40b7c80e0059ccfbc58c3b9c739fac70b5036cc836","2"
"a00f6ccafb5fb3d719d4b65f6933e9dd803418b342d0c37010a29383a80aa406","2"
"a0084087a1575c7832126107ae7e2aae067d5db276054464777d944e9b390ebb","2"
"a0013755bda4b4d41672472c0e723ab463ad3a099e6e4a555d82c7d481fae3c3","2"
"a00c3e7e9c2f11b8c1ce4d5e092c43fa04cd52474fd53e9b40e1b1d8bd50a5a1","2"
"a00c9e95fe348f14f26e4ecda43ce8a837124de3b97f5d467fb43f20c29a2876","2"
"a001c660ddb4ef22a829923b577272b320bca406ca25e26720bb87156edca649","2"
"a005c6401fdbef28ee8141922ac90f4a12a966d0e0843c6f672cf6b3feab541b","2"
"a009d1d2731dc6b5bf0e0382b586111c9c746107af97c861337c0cc3a4172a1e","2"
"a00670ce28acad29432b2c60d1bb9e64853713cc247c43ebc45cc3057d1873a1","2"
"a00ac24fce2e32ad1eb91506e2aba3ed810f78d6774ad7c4c991dadf5bd66ec6","2"
"a00e9a31ea37e043d924db51c1cf3ed56d4d55ca8a9791e30ba0ed238726b610","2"
"a0078d7f668ae5a5966aa630730258627205821f18b375ebf4afce39f466d9d9","2"
"a00b5a3ccee253c7d0fbd1f48401d5aee4c0d9ead3e8614ec1032d65857a9a87","2"
"a0082535cf4514958cdb9bbda41b01641c8c601a2c1815e3a78edd55b4d370e6","2"
"a0019f4e0fa747ce86eafa28e212a498df631e3232f2d7c0ca0356dbdeb2cc58","2"
"a005798409eaac683e1d5f139e48e06aa048c23c42b89cfac4b979197908f639","2"
"a001d47bc80b23a15925291ded4e8b75b65d0f6ed8b94bfe6e8fc8c7d4d88b9e","2"
"a0024a46f8214af974734b3dea75983440c898fea6c3659ab3604d2796228ed3","2"
"a00d4f9e8ca5e0d0c2d6b983a50aca6c076fc87160578614fa30172273e94bf3","2"
"a0028063c6f1df8ab5b3126b4c85ed04c56f042d02b77ae593d0f2815ad8dcb8","2"
"a0061d289297f1ed976aa4ab24a8cfa43be02925ab5f10d1216a79ad0c166701","2"
"a009e8a3964727c57a9cd31cdd66f4a2160a2ac1bf34c6895087accd6d7a52b8","2"
"a00717df99031e9cd05b1cdd673de37d38fce8871a1a5f7fde0c6d9a1815ca21","2"
"a00b1bdb3ffeb13cf061da192a17546d1d9d4b5f738ab87da0f6df948ccc84fc","2"
"a0040c5fe5f7d69c6403846fcda1d7ef5c6ff1ce576981c8d2fd9910db1bf752","2"
"a00085f31deb5ba12cb06fd599eb811827c34c082bf7b5a96150d46751869071","2"
"a00ba040a65719d1ae9eada92bfbefa2e51186d40430c70058b001ce4fa76c20","2"
"a0082f85f1a56e028201a1a1df0b99556b800d533170ba7b62df0e3248ca5e9a","2"
"a00fd2569ea21376c7fe58af5e2b790a09ea539a0f11536f3d1bab4b587c1f8e","2"
"a001e134b4444023b9a9edd4061717f2cd5196852b9b6981fbbaa37a036a54d0","2"
"a002187d685d207267f7ba7674d46627c176ccea00de270b1ebaa5f447190fd8","2"
"a0025bbfb1fc69141465119dfbea27b41801132f974029001007950740f08fe6","2"
"a002926366d6d92e28c64858c358d1b8918ef249d07faecf3b38347260c8c9c1","2"
"a006e95d5ed0939ea20eaee1b4cebffee6ec90fb42b0401a3159e5ec59acfde3","2"
"a00ee238d419c81202663180b1017ef73f85e4f3f98856c674f3e1f964dd73ab","2"
"a00b2517d02d8c4b9d886fd8aec680490a0b50fb22ed01e695ddd43caf19de0a","2"
"a00f697bbb83496900f72499cd3a51d29b14310f3d04797bb7744c5d174a84ce","2"
"a004c72586735f2eeb0b59e9e504e0caf1c7423dd1ef4e8a55dd44353fe2f657","2"
"a00fa4fde8a68d2eaf1e44080f86e3329452691c8b14283e41fef671342a1440","2"
"ae0fb8f917060083890bf8d515dce010e2ef6ecae3bc497845113b4459c65295","2"
"a008e5946882d1266ed023b9f6cd27c3d8896124fb21ea8dbde19ca6a4615c28","2"
"a00973f3f53e9adc51ca6f125ad168ab9b4eed783944aa8753d4abaed8452647","2"
"a009cfbd6728e0c44c5dce01182b109301ec3df96b455f03cc1e7506219dd813","2"
"a00a4d57c89b55a16124fd25793b7390af366e959ad0de823302ae9d52bce2f8","1"
"a0032044e4696323af91a846899ffbbe456b999e818454d2f16ffc16c96d19fa","1"
"a00a6fd04aaeaba162b6fe3b76be64ed66308b261aaf237ccb4a10d61a71423f","1"
"a0035c4173b2a9755aecdf6e1040f751ce208310fe3c84c4952f6c2b3f22e09e","1"
"a006c3b858932191341e656aaa90213a07792c1d374d7b9d06491617c5298880","1"
"a00a8fd8a6fdf601cbc29e9da11e7dbe98673f805ede256be5e505b8c7e90cac","1"
"a00e470b874608fb81657d25e257024d361e45de25e4fa32c162391cfd05fd62","1"
"a00ac1521d1672d6f5aa483e805ee087865b9e2582be692657b0b2f79ad8a434","1"
"a007354829266d9a382f5380e85735082aa02515cdb0ab58d547fe72e4cc371f","1"
"a003dd37b628b5fab0eda3abce2351233816a9e859889e6237d8007e345ea932","1"
"a00762072e3bec3771808da53f298f604761297ad130f5e96851018d2641730f","1"
"a0078b7a2031dc0d8011759efebb39bfb792134c5c83b086b396c9a52dd448e3","1"
"a00f1ab40f7972e02612ae6cd421039945762bf79469fc0fd4113fc54c2f7a02","1"
"a0047916dacc84233ae063fb6152f59a195881114aea9ebb5ced62a204d99e43","1"
"a00b8cc700da1e6a01e8c0d81326005227acc3def2db583f9418f5854c24588c","1"
"a004afaa29962ca27adf89acf9a733c77cc64aeb418ce62b779c88a7f2f1f2a1","1"
"a008248264ed30ce15bbbe28fe6ea3a2a25f4846675057565e38222e8c2e6643","1"
"a00be5934883f4968cef975628993447d35b741dac2047fb17fb1b794f10df67","1"
"a00c1e741706dd18596ca8e95fe1f021716931bfb9e386e85c628e8c4c61d7bb","1"
"a0051a6ace2438bed3efab82954470d0cb37242c8a90f3e39ee661d2ec66bffe","1"
"a00178d6a943b436d6f96a168a2c894e587d2d0225657d31580b9f4142ddbdf5","1"
"a00c7f0a62c6a910bc96e4880b407bd7243f04d132d1f3efe48c14c77f4df31d","1"
"a00ca8474515ebd105c9648c30ba717add7b2e0ac89117c9057f0b9d404497b7","1"
"a005a0ad9ccfe1feab603fd4db2f7a08abddb8a321e4c6f372e1ac7ccd0ebf2f","1"
"a005cd28814f460d5fe6327427f4d493521727b3b5c066b9e9f8a9d17fce6dd9","1"
"a00d112962ad63829390ecf7284a30907cc25f7a43dcc1c55a8fb999b8f3220f","1"
"a00244a1cecdb0066b55bd0be62b4829f2b5a5b187b22b2cf95596eceec3361f","1"
"a00d4b5f2d29de8740de507fb74abfccd65c590098df850defff2b508c21cf7d","1"
"a009e49741b40a9332101ca27a110109ceecf08c12b8949cd90c9e32325ed0de","1"
"a00a2ba45271d1ce92ece80d3e01a267aab9b43be700b776502bd0cdac417f0b","1"
"a002f8791fe38412405685d9986087ab83a8c8a1b9299dfefff9962afbb9692a","1"
"a0067b9254727b8644e66099945a2dd74d8198dd96e4baf57347a1567ce5f55c","1"
"a0033169785d578bc2f1d9c5caeff18b7c7c74027ab59f45d422bccd3e5acdf1","1"
"a00a9738618052aaa574fd4669636139221368c29b1a76cbec3ed52335519d93","1"
"a00ea2304e4558e40e4e584a596f60f125edbeea2287706887b4712540afa616","1"
"a00af6ebf04019ac4df3ab673418ed8cf53ea83da1d7e262845ff94100578cdb","1"
"a003e8c3e255bc5e02415f1a97c4c4d6d26006e1b2d36f1a156db0c93b322766","1"
"a00750722a7beafcbf1686c9925382843061c62280ee5fd2e77253ae69c9a2c6","1"
"a00ed2a98826b89d13165f849a8ffed83b49311bd160cf5d75fc2fd8ece68ed7","1"
"a004869a7b54f3b119eea741ef13b9b69694764fd3337e8a283ba091ce45e54d","1"
"a00f5c3c9cc2a2f6ffb806dd08398834c663e99179386ac0d185bf6f92e84e16","1"
"a000a0c9e534819e3529df8ec5da99ddd8fba1ffcb3705fa5b39c133324240d3","1"
"a008022fb50dba6cfe78bb4a11dc4155d3361f2e21c25f31f9f75727d019c5d2","1"
"a0010043ff451ead99473aa76184cd9d5cf982bebc585a46fe99a260e607a82f","1"
"a0052a6a534ee7528cda137012ce7d236435c7be9542ca9eb40df4dbfe5cb491","1"
"a0017df8876d44884e3f967ffb5c8f3ea451a6091e13e1bf5fd7473e1c486f0e","1"
"a00c93590b31810afdeed78324ded3290e0c327d218709fd5f8b93ed0d83b4a7","1"
"a0091f25e21a6c779a14e371aa641bb01058e9d5737cf6bbda0106a13766a96d","1"
"a00cb96a5edfdebdf3ccaba7f4f1bf7299262faeba6bc67e40d65f3cc28d044d","1"
"a005b33c57fb27539994a6477dd744631fb73e14882d25cb9c44152833017539","1"
"a0095ded6166c4185c4757636a02dd172cfa1a93b66be9d0c5b9b9e4c65e986d","1"
"a00211c6ae3ae30583509ddf6ccb9c65abdf48302eaf62e73ef2b7c3aaf825d4","1"
"a00d5575621769a1fa90db184f3981e464969a619b7e028008b95cadf1be9eb1","1"
"a0029a294c38d6564792c7c5cf6edd3900ed6c4ff872218d392c438156bbd9c7","1"
"a00dcd3962311e229868b25dd6ee7a705d9b1d73378b494086de6032832f987b","1"
"a00686150f3227bf91daf87472c4972ec1360f73ae52480c3f1df6a96378a880","1"
"a00e0756ee3a03700002224dd744a1308702f15f68b01dd331301d50fe055e68","1"
"a0033c066ad0547c5db6849077987fd7ffe780d80bfdaa339841803f6be692ba","1"
"a00a7e1d64bebfe19ff2ed2fd48d086db4c63544211e42b1eda0a542467ae155","1"
"a003720b43d5464fe7ed4efbbb010878b18507033ad6e499150a11cab8455977","1"
"a006e861eada8dadafcb96b0879a5fd541553873c7b919cb689afe34b5f8488c","1"
"a00aaac073dd58ef825dd3a10ea83a0de15f60086d2681fb51c704bee430fb58","1"
"a00b23eb25b440597077cf558ed67f8025c63bc8fac4a93a004f17e00d3d81d1","1"
"a0002cb0bca4453d26eddc778306806bdde27ac7fc1e6c091175156316c1b538","1"
"a00060c12dd92c63c04e6cd76420e4bf50dc21237b4af7a425951154963754b0","1"
"a000b88555359873d074c31a4d2889eebb80df4ce7cc5bea9a771c501d5942c1","1"
"a00810ff44e8863e2b062facc7602f9a48c35494bc9df59b1c17f01b38bcac5f","1"
"a00836a7115eb14083c671481657760a7bad8c082d1c4fadcc08c048a2db0c83","1"
"a0050cca7b956213c917ec1e547d1c0a5ceb0cda3661bebfd9d8258b77d23d18","1"
"a0053ecb8a0638cad6b5a347066d44b47c4f01b03e30da74eaaceddcbcc7d27e","1"
"a00568ec174e29cd02ce6a72f14d281e9abb084a7384306d54230ee2d66d1f00","1"
"a008e4db989e6adfc489b5ee283fe40b2bc099f81921467953e86f7328a6aafa","1"
"a00cd0115434d930a52074e8e4f1cbe976abee8ef6ef7b55d971bc86daf6b734","1"
"a009729ff3ae2afc26ef3deae2450862614ecdf4bd44c0f20c2611972b2adb55","1"
"a00226afd0f573d4b4d337d05a727ded9a9ff2fb7fbe93ddffca39cefa31853e","1"
"a009cd985d9aa8af760950fb3e8e97608301bac22cf9394363bcf5359a78db4d","1"
"a002b31425807bf6cbf39cdc68e489fd0353266bb2b359aa895d1066e149d0f9","1"
"a00a14156330c8de44bd83383352c3c3aa051cf549e9866ff3e9838fabb78be4","1"
"a002e1ea644465ce05c30cfa9ce312251ce450d218332ebffb9bb40f1408f67e","1"
"a00ddc358f06d70a9164597f55360eb797b563945cd56c4ea8b5a92629629e2b","1"
"a00e450e4a9e20402dcda70f8c8ccdb309fa4f561dc48dcc80df4950010e495e","1"
"a00733f00c523e277c92eb0128dc11405f8342badcac46f17266ce2e102fea80","1"
"a00b2a9ac24ec40d96fd963cf3846d938b827660a6abd850d3d5aa44e132217c","1"
"a00427d833481a764dcba5e395ddf28f3eee16dd7ed4b015c827f2ef26ec1600","1"
"a004769ab2277205654400115c7a388743f529948e45b4f9a64c0cd636ac3cb1","1"
"a004a90853400f88bb381bebe6c98597eda7f23a5c40d68aa990c074d9bcd96f","1"
"a007f148fda96322400667491af536ab77d73616dd95f94649c9bb1dc370d361","1"
"a00bbb82015a2318ab5d3fa0c275b4484becb1d3e7d084bbcdab7078c7ade155","1"
"a001447e4d44ad0b94a24cc47dcfb9a06884d106e9bf6bfbcbac8be27d7c3d2e","1"
"a005196f0aa347f494a79ab8bbbb4bc965229d31b51d03a928d8c4ee124506c5","1"
"a00c4d97b45371f2b27ff064aea0f3929ea6dc13dfbe75b4745041d26f0abe4e","1"
"a0090395b3df61c74ce376e581561d8e36626095305e10d1189b562fc0bd9d06","1"
"a00d3f86bc64feb8bc6e5dfb561f22db10c201b2d8d55f3af8768e9e9c11f511","1"
"a00d6d40ef631b900fc4fbe71c08d36df46465b0207a77b2afe31e7b05940188","1"
"a00a275d756188c1229f44f06b741d83a0c43ce04711e590a57109f0e6203397","1"
"a0067b62ac9afcf39a2c6abc94e2bfb1257be96d93a75a14dacd734f471642eb","1"
"a00df82d02924abc76d118195635604f9c9f4b11f26b57b09198d16c83b19630","1"
"a00acc06a4aebc4d286ac390895c26ad48cdb0c7b492043daebbf4d9073ab994","1"
"a003e8986a642243666f3265131ebc40c4be7380c8a6c9f986f0960cf5680ae2","1"
"a00efa058070dff0a9ceaf07bb9f63dd941dd540b8a64b8b5efab10416f50aa2","1"
"a007cb1ec82a62d81b8f7343b75278e291e36741a6e034d3bfdd9658e071eb8a","1"
"a007fb27edf8d1435de33421e9aaa3d50558c6a9f459fa550fbf45ea5fd3a6a0","1"
"a0082ad957e5bdde149f2e722254cddd9ab36f556bbe4b1f4c16946b48eb95cf","1"
"a00bf3b71f1532b3ac085e2e839495391c72e3402bc0a492b7eed3f6961b10c1","1"
"a00502d82219653770017c2b7d8f64fa328e0b4fc8e372ff208d9fa9ba9e392d","1"
"a00c270554540d6ca4b08b36af4191effc010e3a7c9b0a175d444f6b71e6bc0d","1"
"a0015243e20f994a198ce0753a3329f69577331dd9231f7486e413eb614fa612","1"
"a00523cc45e7098a30d0864d1c4949f942aec5d91e81b1900ef549459286ed03","1"
"a001ab128e12e48ff745d0056d5d0a0b19b915337814a84ac4e09a06ee174865","1"
"a00582cf93c1344a2385a2d649bc74118d3ed5b67454c6c32a0785e912da2e2c","1"
"a00914a65255bfe11b4e73e3437d90c1b7cde91effeae874f1578a91db9616e0","1"
"a005ab86755f40f06224f54c2353ea3743205d39e6f5c34a7deffa188bc8da83","1"
"a005d9b3c43f7f37eec3da43980c204aa394661072243042af69a5902c138421","1"
"a0060196021082fba6fab84b888644c136a0e56065b12a1e1ca4b4b120925749","1"
"a00d52c8c8a8c52a1fbba820647d58bc8dc23ec201a702de23841acb219a4be8","1"
"a0028a201d7f0c9863884a5d1581f8817f7c489fb5f8d6e2e60c6a45ade43ec1","1"
"a00a08c8219f026f70664a13b007e8dc7c5a5aca290e767a7aed0cb9c812b86c","1"
"a006b28e1bbe074b6905cd5ff114ea4213e0ae41f70359ea9dd466ba86427f38","1"
"a00e356bb59511d15d176fb9d002168cf653fed0b4efb33c1674f02d6ddbcfc3","1"
"a00370f290c0a8bb3ade43763310e6f4f0bac79307e94f36dc128ad1177cb813","1"
"a00e71b8fb9ad4e332ba62e2108a5754861155963346fb0fc7ed37c372f5b158","1"
"a00726d16c6897f07949507f6d046a7e61a6ca29b22a4df44057e050ee4c2ac2","1"
"a00add2071bb1c8e1288c342c4a865d17d566a17e048ceab6aeee4b12a91dff5","1"
"a00ea542a6a1630f44cf400c89265599cf3aa5bfd53d3382b40b5cfd539d862f","1"
"a00415a5922e6baafacfeb8e6f9088a62c4076a0b1819d370f9fbb5a67403215","1"
"a0045bd9290bd1d4539f296a134902bf58dc3dc68eed53877035de7ca78f3827","1"
"a00b7161c694821bc9a8346db02405226288d5c19944e0d8e78f75e3784bb8d3","1"
"a007d6a6dfa87e5bf2e57e6537b8ec7d71edab8831cbe64b56d0ddf1e2c73b3a","1"
"a00bda68a2662149eda14dcabc769c33dd826a5c69e665b7562efd25d0bf769d","1"
"a008357ad80ed4e66774509d5ba362b33dbbc45b6bdac5a7db8d135c7d941fc1","1"
"a008a68627d146528672ee31524cb8edb1d5aef13c2cbe78e096f42edcc87876","1"
"a00c6423558435989663f804378b41ca98e10e0b786d6f8751d1181f7d3aa7b0","1"
"a001814699f6ac5f0693a8463c3cccccdde736b9feb5b7bf6c21a50d9c0994ec","1"
"a008d5a3c4f6b4e4e58b00862b27f8dfebaed570c83ffe3e0aa9c8094541cfc4","1"
"a005931efca05ef70a181b54ac8a3790dd23196928eb00764630021fc3e7fc9e","1"
"a001e911b259d233446fa473e79a117b4e72ff2dc6ad1bd2ff40445e0bba5774","1"
"a0096a9ff78e814483983c41b6be6c3470f60613b928898c92cee2aebed900c8","1"
"a00225b744a734e51b2262567572898c4c09733ab45898e5b3d0f57ecf9394c8","1"
"a0026bbf9a38ed23ce18c8fa1add72beab3490ffa1fb6893facb7dee6fa46e39","1"
"a00297c37dd30eba498fce12d5a67439ecd7ed037b1516bff7711353609d9647","1"
"a00375e3d6c1d1aadf8ef4197b3e89ed3876686e56bb120a05b242cec3554a87","1"
"a00abd34d83734cc2c49889d60f1a645b471b88e5155728385dbefd5eba21f25","1"
"a00ae9c047a7f3a9f9fa022849ec8858da75c564a173973430c0b40da0b1af9c","1"
"a003fef920a96c9fda6d3cba0d031c5ffb04b6716ab100a88788fdcc513fa6bb","1"
"a00b8168c974a406e364d541cab05845e2fdc0f0dbc993e0b89ea56add2bc63d","1"
"a004a26ef3d09049bb5682acf4ade09575a5689f9d2881d10325200df4267e60","1"
"a000e04ad8db79e8c4dd2dfbfd665fe6ae0133e162b565b8873d4d0f50658d9c","1"
"a004cf622686520abbe12021c5836b6c997b536113aa99b22e678cc10ea89dd9","1"
"a00142f66ea27c73602a764aa40f569d13790667d28b516682c63bfe15adfb09","1"
"a005186dc8749f885ce03c32c38fabbb4892917a297f80819e099d9803eacd59","1"
"a008797ad7df6c148056949ff5380e00b2de9322e005e04d2d3550ec1230549c","1"
"a00c6f2528642b1ac91c416dd56c88242d8ae5f9a0a031389336e6a7e333a2a4","1"
"a008ee452cfea856f27ddbdbc6f8d030f8be9f5bbe5c900630bcd0fa1b1c4c8f","1"
"a00983a89bbe0a5880019637916a3c576b15326d4c177cb5d2162779ab2294a2","1"
"a00d0c6efad3accf7117b2655758a6786d0149711d83513f0c5b7a70319c0d30","1"
"a005f378ce4797ad80971f93b0895fb459defa73989995ed645309055d3db9d8","1"
"a006165f90b6754431c60aa95ac48455e529b6d96e1e0182078fbc9bc449aa93","1"
"a00d6cd3d19f374614ac97c4382e03b8d28f7583697bcc5b81441bc62ffe69ae","1"
"a00d7d7d173580f6ba8536ca89440808699360e3ed6d9359c9a97c44784296c8","1"
"a00daa747c206f80249cb6c8230220fc97faad4af91bb55f4d3eff232a863f63","1"
"a00677fdb6e2a14cb8ff10fb96770ddcde19e08cb11b3580ac852a2abfb6024c","1"
"a00e264dc6aec9f1ec3543e49a37cd08f9bb1223fc760e3532721593b57c057f","1"
"a0070b3c40b4c0b817778584221b0d4ea6e3aac1ad418c1e2cda4290929015c1","1"
"a003b18799ad8bcddda5e6a48dbac8118c33ce7d361d5b156087a96954184041","1"
"a003e3ccf7e8a467e4bf8e585cbed4562bc708b81add1e73f495c7de3721b99f","1"
"a004086d33041f4914e8fa1fb147e24aad7417e4d124f49aabe8ac378ebe9c69","1"
"a00bc62902f929f6ee59303a28b90189eb97075c6f71a293408bad2e0a2857a8","1"
"a004fc306cd5ec59b53440096442ca37f3d435f4f00a3cd180b99b1ba7b24e65","1"
"a00521d631961057da564868fa14635a158db35594eb48a712e68222a958c4cf","1"
"a00550e1026252a6bb373f7f1186f85dd7f5aeba65f19e810a05199473a883b4","1"
"a00910c65c64a93f99fab5fa3dd489889e3465e18d093dcf531d9a0712a04276","1"
"a00cad6be8f80c2e3d1dc79b6723a84f520d37006bffa1bf25795cd86f1ee57c","1"
"a009ef66a69e5613b2b06963e022a98ec224827f4dd075f088569ef70f069b37","1"
"a00dc3cff226ecf2f8398612eb24ae79a96f82364f6a159439166eaa05d0a16a","1"
"a00e013acb593696880f8e79827273a0e682a62ecf960f7173fe7b309f9caa9a","1"
"a006b1cd9bb877cc3e7479e8b49ed8149942371d2f90e7ae8a3ded3b3c153590","1"
"a00e6df07fd6869e1a43786d821f04577dc5c8fa46c9ff7f18549dd0e61ee6e0","1"
"a00e7e3716f8ff74a1a01d8ed4703cb8c4e9103ea850d410b4ce712594757a72","1"
"a00ea477e7d83a094dab351160acf59d4d323c3603623d8e155b53bb10178ab6","1"
"a00754369d30ff4be9acb2fc6a09fc04caf5c19b830c8b1c5d9e2f74f5777f29","1"
"a00edd67ea963a245b8d1ae4f740fb9f0dcc26a2c74b46215881a397432211a0","1"
"a00156a94502f38804c4c09a862f966b29dff4c1069b8e00125b66cb850bf803","1"
"a0053dcdf52e6107833e813106b545696a69097fc8f255910f257ffab454e58a","1"
"a00c95471a6883f3bc20ff70dd5a5da1a6a70f2c6082f806d048936158c7e0a6","1"
"a005e29d5749997068d7ae840af0535f1893d7167666cbd26997945f7798db44","1"
"a009c95caed3f598d1760ac5eeb44fa5fe36e32cd7912c0f064a489452bfb9d1","1"
"a00d5ce5e2158f1cc5b286e5425878219f01349cee9c285efedf8dee7a15759a","1"
"a00dd96b6701b4a6969257b9b5ac332ab49a934974e4299dc1d7c0b1d34da417","1"
"a00392c8c8bb532c2a30a0d3e54154917dcf76272fce96658701d8a9c944f779","1"
"a00b271ea8abc1ca36633b4782b3285ff26dc93d218c6f1a3be1c3c4ac07d2d2","1"
"a00093538787973ab4893ed1e694a5ad572666b35bd9f497087897ce7464485e","1"
"a00fdf73705ed217c1ab021bf9312080043475c3c533020d15cf34a474a7fa37","1"
"a00c14f3ce9ff2041b0b4655863b207a0729be0150de3d6df028152be81829a9","1"
"a0016dfeb386ec66f502e5ee98f63ec810ffdb19dcf3ab683eef81a3ad5089b5","1"
"a001d0401bf058606a450a955e02d5b30071db7dc556a21d023298a217cf0b44","1"
"a002004e86d498dbecbe056d9fa8ccdb90e2b06caf20efbdde2d1fa9bcfb823a","1"
"a005c6780989d66a9ee081f06eecfdff84ae7d6ab52b4b44fff8df99e76c5f00","1"
"a009b73bb6ff877b1886c9b55a1e7e0d2bd64099ad2a5bfeff67d698aa6c72b0","1"
"a00a25f8410882b32058eb6693f96a9cb0bacf58fc4b85d4f368ebaefbc295e6","1"
"a00aed1e5b34a21398b94120638b816eff44212bf19fcc3d91ef6ef6995bbc43","1"
"a00ef4c8e48490781b98c3d5413cb6baff55c69a1bde1440bd85e3fb1d91fa91","1"
"a00f5729c4bd9efdb964c22d153e40ab5b86b6071e8b3c8b3e5b98e96d230797","1"
"a00bc3d1152faa70da429a048e48e5dcbac3b806dfb64b1a061cec23b09f9588","1"
"a0082888243893eec9afbac629b9f0e12fb49f846b4bd08b97f0660fb3d53a45","1"
"a00fc5f23c57cb9dfde25d61e8f29e706d35f0cc0f03dbe43ddad2f3e5e11d1f","1"
"a001a0970d6d4c91ab44f9edfaf5a35a7e682afef0d3495c4ee18ca289b7a171","1"
"a005815da0e561c574241730d30c0e67130c1a0e5166acc14a158d663e695652","1"
"a005a7a8c100885a70e80fcfaa5d501422afd3620024fedf2a338725c4b9d27a","1"
"a00952d59737c71668e9dbaf22920bfa7dc452ba7b6088d3faceb0ae2bfc637a","1"
"a005fe0b02916a0d5f2e822f1c79e986113a50a26e101b7f971919cede32e6af","1"
"a00d524b760853ade7f500cfb48c45fba580c4223560aa22d75a79c78efb8e38","1"
"a006338939a57de5be59ba09767d9110d20577aa5984cf5dbadb9b67b382e31d","1"
"a00d88304705c9778ae7dd057eadc02925e1dffeb0641c628cb64cf3498ad024","1"
"a00a57b0664af4f438313a245515e1f8453165d7fa27cade778f1f79fcb30f94","1"
"a00dfeac16b8ddd7c27c10a86281eecac079418495e6df1ed645bdd0ccb41d62","1"
"a0037023e561011db479ce724dd51529e48005522c60fc5742c74718cefe868b","1"
"a006dd7145a729ec025d727dcbe7ad911f49ddc1199b985885577814f7ee6cd4","1"
"a00aa690e00eb8aaf22f869f0614ca05697d8c1a22470eba94cb3f5ff24febe8","1"
"a00ea3382e5d6cad0856f1e0ba5624a0f41e49ce4b3626b3bfeaf4ad1aa51b73","1"
"a00751622726ce15487d2dfb70f4c3389ebba873415aa252e78b4759f5bb6d6e","1"
"a00f3cffdd7cc39e3e0d8b37601687bdd7cc73c108e2f7e960ed95d2b308d694","1"
"a00b69c1e24fead0123cb7d5a6f7df12db84dd7ece3713c8fa116182fe5a2c21","1"
"a00bfa685318c491e695a72020ca2666a487cd552129d848fc36c7e637d79f28","1"
"a0012dae7b2614dcdc1bb3c830fa54f679065244734629071c4d917ea775b94e","1"
"a00cc6f964043281840cbee5b2af26ebabb61ad6a3e4e1fb79c29a5f57d42f1b","1"
"a001e4fb2430568f386a7ccf9946d33af9ac8409fd1359d9956610c436e8b455","1"
"a005dfa853b7abcdd6300d37a0b1f3ed305089ef3827a71b298d96cab3b5e3d0","1"
"a00d981c7b09acbb64f090c097ab4731bba6cfc184bfbe39dd74a6fb2d0375bd","1"
"a00669ab7a1271e333cb3dd62c38c39765659266b65a0275c6291baebca92c38","1"
"a003109995695fd6d1dbe60cc30244b7dcff2156c962e17c7694b57212e85ae9","1"
"a00a654c53e9da55592449f9ebca7d99cc54e3c23c3376d3af4ad3c20b3e10a4","1"
"a006b97596ee7e29f1896969287dc8cd03fe0cd49c7ce3b18f8cff3cc3ec4367","1"
"a00ae42effa4dae55f91b70692ad3450597280dfc64df192b0edc05f015beeb3","1"
"a003d6e67557b990a79cbccc0704742406830c0a66750fb5ed456d4f4a8d9dc3","1"
"a00eb2515e01880edcaf55319dd04a82505520210052407f42f6b81661ba0406","1"
"a003fdb5ee8a3a215afd8cb962310a929d57b6a610355e8e2deb69a2ba9da4c4","1"
"a00ee7162219bc21108b14ee5a3c11c2e847b84e2f166c8bca725e31fa6c72f0","1"
"a0041ad72c36e750d3b1c87589513ef729a68b235ae97bfdb6960a12481be9ea","1"
"a00092b7804ba956881d4f5db11597c311d092cb45b3a19f606672b270585b73","1"
"a008188fdadc265b99cddcb1ab7bac0a6dae1938ee39598ff100d4461336da1a","1"
"a00bdfa92c328028d88584a0e9bd8d11249f65f67fb034bbdb287bf08ab0319b","1"
"a0056bdab9f822f80ebd3c0c9cc82db5f9ea83ca1314e0ae309454b7eebc2bda","1"
"a001fcae2f7770cc28e8d19e7225e4de519dcecb3b31292c6ea41b611df7ad48","1"
"a0060ef11f0cc040f3d0bf511808ee735f223ce9ed4cc4facd497f0b552e20e5","1"
"a003215b1c8600c4e0c68d219dda0ea2b019024ce272db78643557fa9fc1c4ae","1"
"a0035fa56692d3b7e947d07dbfc8ca0335f4c72bbcee267060c800ead6128d1b","1"
"a00a92a3fee74cdebae3a2cf34b36b14f822f89bb2a72c35980d8a43a2910596","1"
"a0000c778ce64006402292147e08e859fa7603f7e234f1ac754167327c5486d5","1"
"a00764a32366ed1289acff4e1b37fc187c6cb5082312f14de4c9a0eeb6d6c591","1"
"a00b31963e9a7dd9d89fcdad629f7c0961728ad25aad3087032040896b3d6907","1"
"a00049523c64e77306abc750d1b19d0d9b1d0c00d247f65ab432d0dcd8bfc9a3","1"
"a004794bf7fca5041049f416cf4af5f9a721e2501272d89582235f7af57529e2","1"
"a0009a2cc9f2655ad3be09bd7ba8e149f0f01e2846306e446d87a29f5d8ddfae","1"
"a004b329c17cb1f38488c353b149172cbabcd0bc991d25554854a742726a6864","1"
"a000edaaefcd88d349009504b5c6e6d8232a06c0922a8549548229124dcf7cd2","1"
"a004e2117a720d66c1da4a7c110e521da3be0de49ffde09c33def0caf0e523d0","1"
"a00fc53c4ed60936689d966ec666510b0ed044cb076befb79effba9e206b7194","1"
"a004f7c544a2be1e4689cb29dd4165403450df76d7fc79117962cb17397869d2","1"
"a00fe7cb5fcb149209a1ce04e536b4298c58d012b15bb26180e410cae0c2bc17","1"
"a0088dc06e0b15dd126586406142b7ffd2e33b6aa6f0595c49dcb60b038d6f1c","1"
"a00c4efeaef3158eaecf6cf499b05d7826c697ab68f1500e925125395fdcec54","1"
"a00caad98cae762a349b25270aa97fa61871f9589b7c4629bfa7d1c3fb9d5879","1"
"a00ce24c2d81ca6b00714bbbc2d62616de3eec79b563feffc733ec97538dca19","1"
"a0098943948bf333a23bb3a7beaf34215a1fa4958d0db58f25c955bce18ca48a","1"
"a00dbed00c7247ba468c2a705ec5a2220b184cb379ccb77153da895c6df8bcfd","1"
"a00dfc4f47a38c47b06447704be210ca90173a6c1640a043e030ee2d3bf1200d","1"
"a003342027d35a17f4e548a0970f7cd6610bb8ed2dd59825cab64d781a439d9a","1"
"a00e30a773ad92ba8953ac46fd63db18c88409c118d9a5ad7e89bd8ccec126c7","1"
"a003883dd6b36861758a28e61b83c61dacf0cc2b36ec9c36c7743dec550cea96","1"
"a00efe3b3a19d62a96f82ebec126d01579b192738e05be9a596cf2126e2b0489","1"
"a00b670af52378d7ffb8a71c0d304aebe564f4d0fa142d64b50348158ecaf187","1"
"a00bf7cb15d42ef37a9622cda0085b97e759369e0417cea73e8a1460ee77b366","1"
"a00ffec6f303ec3e6f1f90a02c2906d3e4129acb9809a170fb6e2c26e0621f44","1"
"a0052bd5e81ec8de83d0ee820930b99b280c973d4b1affc9f02c752ad6aa7ca0","1"
"a008cff3cc5e64e9f02bedc8211fe536fa445b9f203e93916b8c667d5aa599d1","1"
"a0058e45a3207b62cf15caf54f99a507337eb55adeee7cfd61571037dde752c1","1"
"a00cbfcac14700a2bd2f262588bca7e3eb577d7c402f805b3a26e6adb5460a4d","1"
"a00ce9e4b3312ff136f519d4db95c5dc94970396c979fdd621c1d1924485587f","1"
"a0029bec19b0c6a9bff2e83265051851d0e9d88640b8dccc071e9c2b01be981d","1"
"a0030c85ed5891dcffdd2ef422fab3cb64594ce7f50f0b763b1a5edaefb92f77","1"
"a006b61925b5809b48b73ac4399f48e9ebc39a67f09c9fbad0795dd25ef90253","1"
"a00e3920700e758c8af26c8472156a2d227b73018be7f60f841cae9e1e22b082","1"
"a00e75fb98bc430bf22291461215f1b1a87d0918bf6dc1658414a35b7a4f929d","1"
"a0072a14885f9640652cc56f0ca35e87e7cf56feed99574b63749f5b95598c90","1"
"a00ae2d4a755a5832e714d5ac3dbd1fe36a14d6f5a657b2bc6ee923ab65e08d7","1"
"a00417f99124136f7006455d4071603eb58047462a248b33a3ee3d360acac5c4","1"
"a0078727ef70dbf337b8ba16a9279afd887b6fa1801628d9a7dbe04424a823fb","1"
"a00b46853d7c78544b5b59c779ea8d587f772d7e3edaa7414ee5cf21ecc1777b","1"
"a00f4465d4d877f1e7244513cab5c68af68e248c23a91914d5a713f02a5a7f00","1"
"a00091809ef6e4c066a3c8f6457111d3ad3fdc4ba4b43f7c60842506f69a223c","1"
"a0049cf72c9439b89bf1b7ffa13f55cf27e9322f3c0539abeb35411beec85e66","1"
"a00bb090eeffe9c853a2d61948719befdd34dd84a5766e0d8b49990eaaddb64f","1"
"a000c5d98976777dba246e7be0953c7b86c5634e283b499f816d342eee0dfd82","1"
"a00816a495062c3e64563308c3662ea9a53b568983404cc1aee4b01f6e65a7f7","1"
"a00fd7ea1225c3caaac44d47b52f04f7f5f6f4c1076e30748b068932ebbcbbec","1"
"a00c39c23562d3091ff9322ec5a29bea9fe5bfec9c5f9e115eb753a085554985","1"
"a0053f2cda957380c64add2b246ed281d1791bbdebe1cf4c731ad89298ed27f3","1"
"a008b5700ffca6e7a83e688d46e6dd6a4c7bf7915b5250db70e57bc6b0ddfb30","1"
"a001936ac3814e71d65ac7a4b70b90002fe236b76bbcc2dfaddb899d77a7c5da","1"
"a001c17c7d6c47efadc4c9d70860b2e0255e88772248e4e145038563be8616df","1"
"a00937c1beb26f2e07c438e815bb77b85e444d4dc0f297f8902dd9a2766c8072","1"
"a00cd2ff66fda8e527ffd6084dda9c654502e9b79484dc4b763bed7524682a42","1"
"a00226b7057493727bf0eb56417eb5fc1b051a87532d3d7bcfab51756b166050","1"
"a00d311ca4e3bba56c4e19afb4d0d5a7ee51e520c01b9b0fcd65050d8ef901ae","1"
"a0060db1ab56dda78157db40a37b947a88b6d0c1f2db77eaafa51e2cc06ed6a9","1"
